"날짜","종목코드","종목명","급등 사유","등락"
"2013-01-02","","","경제민주화 수혜 기대감",""
"2013-01-02","","","SK와 CJ그룹이 동사의 인수전에 참여했다는 소식",""
"2013-01-02","","","복지예산 증액 및 0~5세 전면 무상보육실시 소식에 출산장려정책 관련주 상승",""
"2013-01-02","","","복지예산 증액 및 0~5세 전면 무상보육실시 소식에 출산장려정책 관련주 상승",""
"2013-01-02","","","720만주(36억원) 규모 유상증자 결정",""
"2013-01-02","","","모기업 티쓰리엔터테인먼트와의 합병설",""
"2013-01-02","","","신화인터텍 매각에 따른 유동성 확보 소식",""
"2013-01-02","","","삼성전자 前 부회장의 경영참여 소식",""
"2013-01-02","","","게임 “아키에이지” 공개서비스 소식에 결제 서비스 제휴업체인 동사의 주가가 상한가를 기록",""
"2013-01-03","","","SK와 CJ그룹이 동사의 인수전에 참여했다는 소식",""
"2013-01-03","","","720만주(36억원) 규모 유상증자 결정",""
"2013-01-03","","","신화인터텍 매각에 따른 유동성 확보 모멘텀 지속 및 폴리실리콘 가격 상승에 태양광에너지 관련주 상승",""
"2013-01-03","","","코웨이 매각에 따른 재무구조 개선 및 지배구조 리스크 해소로 웅진그룹주 급등",""
"2013-01-03","","","폴리실리콘 가격 상승에 태양광에너지 관련주 상승",""
"2013-01-03","","","NI(네트워크통합) 관련주 상승",""
"2013-01-03","","","코웨이 매각에 따른 재무구조 개선 및 지배구조 리스크 해소로 웅진그룹주 급등",""
"2013-01-03","","","NI(네트워크통합) 관련주 상승",""
"2013-01-03","","","카카오와 스포츠 매니지먼트 게임 “위드볼” 서비스 계약 체결 소식",""
"2013-01-03","","","100% 무상증자 결정",""
"2013-01-04","","","100% 무상증자 결정",""
"2013-01-04","","","연기금의 오버행 물량 일단락 및 실적개선 기대감",""
"2013-01-04","","","고성장 전망 모멘텀 지속",""
"2013-01-04","","","플렉시블 배터리 개발 소식",""
"2013-01-04","","","최대주주 대상 유상증자 결정",""
"2013-01-04","","","SG그룹주 급등",""
"2013-01-04","","","SG그룹주 급등",""
"2013-01-07","","","재무구조 개선 기대감",""
"2013-01-07","","","새 정부 기초과학 정책으로 인한 투자 수혜 기대감",""
"2013-01-07","","","새 정부개혁 공약인 “정부 3.0(클라우드 시스템을 이용해 각 부처가 보유한 정보를 공유하는 것)” 정책 수혜 기대감",""
"2013-01-08","","","재무구조 개선 기대감",""
"2013-01-08","","","美 대법원의 줄기세포 연구 허용 소식에 줄기세포관련주 동반 상승",""
"2013-01-08","","","프랑스 업체와 국내 합작회사 설립 약정 체결",""
"2013-01-08","","","박근혜 당선인의 창업기획사 설립 추진 소식에 창투사관련주 동반 급등",""
"2013-01-08","","","박근혜 당선인의 창업기획사 설립 추진 소식에 창투사관련주 동반 급등",""
"2013-01-08","","","박근혜 당선인의 창업기획사 설립 추진 소식에 창투사관련주 동반 급등",""
"2013-01-08","","","박근혜 당선인의 창업기획사 설립 추진 소식에 창투사관련주 동반 급등",""
"2013-01-08","","","박근혜 당선인의 창업기획사 설립 추진 소식에 창투사관련주 동반 급등",""
"2013-01-08","","","박근혜 당선인의 창업기획사 설립 추진 소식에 창투사관련주 동반 급등",""
"2013-01-09","","","재무구조 개선 기대감",""
"2013-01-09","","","박근혜 당선인의 창업기획사 설립 추진 소식에 창투사 관련주 급등",""
"2013-01-09","","","IT서비스사업부 매각설",""
"2013-01-09","","","“CES2013” 참가 모멘텀 부각",""
"2013-01-10","","","재무구조 개선 기대감",""
"2013-01-10","","","IT서비스사업부 매각 추진 소식",""
"2013-01-10","","","경제민주화 수혜 기대감",""
"2013-01-10","","","거래재개 첫날 상한가",""
"2013-01-10","","","최대주주의 1조 투자 소식",""
"2013-01-10","","","화장품 생산/개발/판매 관련주 상승",""
"2013-01-10","","","주당 1주의 무상증자 결정",""
"2013-01-10","","","거래재개 첫날 상한가",""
"2013-01-11","","","주당 1주의 무상증자 결정",""
"2013-01-11","","","거래재개 후 이틀째 상한가",""
"2013-01-11","","","리비아 주택사업 재개 소식",""
"2013-01-11","","","美 독감 유행 소식에 관련주 부각되며 상한가",""
"2013-01-11","","","마스크 관련주 상승",""
"2013-01-11","","","美 독감 유행 소식에 관련주 부각되며 상한가",""
"2013-01-11","","","최대주주의 지분매각 검토 소식",""
"2013-01-11","","","삼성전자의 플렉서블 디스플레이 발표에 관련주로 부각되며 상한가",""
"2013-01-11","","","회생절차 개시 결정",""
"2013-01-11","","","삼성전자의 플렉서블 디스플레이 발표에 관련주로 부각되며 상한가",""
"2013-01-14","","","거래재개 후 사흘째 상한가",""
"2013-01-14","","","리비아 주택사업 재개 소식",""
"2013-01-14","","","美 독감 확산 소식에 관련주 부각되며 이틀째 상한가",""
"2013-01-14","","","美 독감 확산 소식에 관련주 부각되며 이틀째 상한가",""
"2013-01-14","","","美 독감 확산 소식에 관련주 부각되며 이틀째 상한가",""
"2013-01-14","","","회생절차 개시 결정",""
"2013-01-14","","","새정부 부동산 대책 기대감에 건설대표주/중소형 건설사 관련주 상승",""
"2013-01-14","","","새정부 부동산 대책 기대감에 건설대표주/중소형 건설사 관련주 상승",""
"2013-01-14","","","새정부 부동산 대책 기대감에 건설대표주/중소형 건설사 관련주 상승",""
"2013-01-14","","","웅진케미칼 매각 기대감에 웅진그룹주 급등",""
"2013-01-14","","","매각 기대감",""
"2013-01-14","","","경영정상화 기대감",""
"2013-01-15","","","거래재개 후 나흘째 상한가",""
"2013-01-15","","","리비아 주택사업 재개 소식",""
"2013-01-15","","","美 독감 확산 소식에 관련주 부각되며 사흘째 상한가",""
"2013-01-15","","","회생절차 개시 결정",""
"2013-01-15","","","올해 영업실적 전망 발표",""
"2013-01-15","","","올해 영업실적 전망 발표",""
"2013-01-15","","","올해 영업실적 전망 발표",""
"2013-01-15","","","두양산업(주) 지분 무상 수증 소식",""
"2013-01-16","","","거래재개 후 닷새째 상한가",""
"2013-01-16","","","리비아 주택사업 재개 소식 및 부동산 활성화 대책 수혜 기대감",""
"2013-01-16","","","계절독감(인플루엔자) 확산에 따른 수혜 기대감에 나흘 연속 상한가",""
"2013-01-16","","","안랩 연구소장 출신인 홍승창 전무를 최고기술경영자(CTO)로 영입했다는 소식",""
"2013-01-16","","","차기 정부에서 미래창조과학부를 신설한다는 소식",""
"2013-01-16","","","모기업 삼환기업의 법정관리 종결 신청 소식",""
"2013-01-16","","","재무구조 개선 기대감에 동부 그룹주 급등",""
"2013-01-16","","","차기 정부에서 미래창조과학부를 신설한다는 소식",""
"2013-01-16","","","재무구조 개선 기대감에 동부 그룹주 급등",""
"2013-01-16","","","지난해 실적 호조 및 부동산 활성화 대책 수혜 기대감",""
"2013-01-16","","","삼척 생산기지 저장탱크 및 부대설비 관련 공사 수주 및 부동산 활성화 대책 수혜 기대감",""
"2013-01-16","","","재무구조 개선 기대감에 동부 그룹주 급등",""
"2013-01-17","","","계절독감(인플루엔자) 확산에 따른 수혜 기대감",""
"2013-01-17","","","모기업 삼환기업의 법정관리 종결 신청 소식",""
"2013-01-17","","","안랩 연구소장 출신인 홍승창 전무를 최고기술경영자(CTO)로 영입했다는 소식",""
"2013-01-17","","","인수합병(M&A)설",""
"2013-01-17","","","삼성전자가 “갤럭시S4”에 무선충전 기능을 도입하기로 결정했다는 소식에 일부 무선충전기술 관련주 상승",""
"2013-01-17","","","비타민C 발모 촉진제 개발 소식",""
"2013-01-17","","","SG그룹주 급등",""
"2013-01-17","","","SG그룹주 급등",""
"2013-01-17","","","삼성전자가 “갤럭시S4”에 무선충전 기능을 도입하기로 결정했다는 소식에 관련주로 언급되며 상한가",""
"2013-01-17","","","삼성전자가 “갤럭시S4”에 무선충전 기능을 도입하기로 결정했다는 소식에 관련주로 언급되며 상한가",""
"2013-01-18","","","안랩 연구소장 출신인 홍승창 전무를 최고기술경영자(CTO)로 영입했다는 소식",""
"2013-01-18","","","인수합병(M&A)설",""
"2013-01-18","","","9.99억원 규모 BW 발행 결정",""
"2013-01-18","","","비타민C 발모 촉진제 개발 소식",""
"2013-01-18","","","새 정부의 벤처활성화 정책 기대감에 창투사 관련주 급등",""
"2013-01-18","","","새 정부의 벤처활성화 정책 기대감에 창투사 관련주 급등",""
"2013-01-18","","","계열사 지분 확대",""
"2013-01-18","","","차(茶) 생산 법인 인수 소식",""
"2013-01-21","","","안랩 연구소장 출신인 홍승창 전무를 최고기술경영자(CTO)로 영입했다는 소식",""
"2013-01-21","","","인수합병(M&A)설",""
"2013-01-21","","","9.99억원 규모 BW 발행 결정",""
"2013-01-21","","","비타민C 발모 촉진제 개발 소식",""
"2013-01-21","","","계열사 지분 매각 소식",""
"2013-01-21","","","삼척화력발전소 수주 소식에 동양그룹주 급등",""
"2013-01-21","","","삼척화력발전소 수주 소식에 동양그룹주 급등",""
"2013-01-21","","","비무장지대(DMZ) 평화공원 조성 소식에 관련주로 언급되며 상한가",""
"2013-01-21","","","경제민주화 기대 모멘텀 지속",""
"2013-01-21","","","강릉 화력발전소 사업자로 동부그룹이 선정됐다는 소식",""
"2013-01-21","","","시멘트 관련주 급등",""
"2013-01-21","","","지난해 영업이익 흑자전환 소식",""
"2013-01-21","","","회생절차 개시결정",""
"2013-01-21","","","삼척화력발전소 수주 소식에 동양그룹주 급등",""
"2013-01-22","","","안랩 연구소장 출신인 홍승창 전무를 최고기술경영자(CTO)로 영입했다는 소식",""
"2013-01-22","","","모바일 사업부문 분할 결정 및 인수합병(M&A)설",""
"2013-01-22","","","비타민C 발모 촉진제 개발 소식",""
"2013-01-22","","","9.99억원 규모 BW 발행 결정",""
"2013-01-22","","","충청북도가 오송지역에 9조원을 투입해 바이오밸리를 조성한다는 소식에 관련주로 언급되며 상한가",""
"2013-01-22","","","자회사인 라이프리버가 “성체줄기세포를 이용해 인체 간세포를 대량으로 생산할 수 있는 기술”에 대한 특허를 취득했다는 소식",""
"2013-01-22","","","경영권 분쟁 재점화 소식 및 치매 예방/치료용 조성물 관련 특허권 취득",""
"2013-01-22","","","수도권 광역급행철도 순차적 착공 기대감에 일부 철도/대심도철도(GTX) 관련주 상승",""
"2013-01-22","","","윤석금 회장의 사재출연 소식",""
"2013-01-22","","","수도권 광역급행철도 순차적 착공 기대감에 일부 철도/대심도철도(GTX) 관련주 상승",""
"2013-01-22","","","자회사인 라이프리버가 “성체줄기세포를 이용해 인체 간세포를 대량으로 생산할 수 있는 기술”에 대한 특허를 취득했다는 소식",""
"2013-01-22","","","자회사 합병 소식",""
"2013-01-22","","","수도권 광역급행철도 순차적 착공 기대감에 일부 철도/대심도철도(GTX) 관련주 상승",""
"2013-01-23","","","자회사 합병 소식",""
"2013-01-23","","","SOFC 스택 관련 2건의 특허권 취득 및 북한의 한반도 비핵화 포기선언에 일부 전쟁 및 테러/방위산업 관련주 상승",""
"2013-01-23","","","올해 SSD(솔리드 스테이트 드라이브) 시장이 100억달러(약 11조4,000억원) 규모로 성장할 것이란 전망에 SSD 스토리지 등의 제품을 생산하고 있는 동사의 주가가 상한가를 기록",""
"2013-01-23","","","“소뼈유래치과용 골이식재(OCS-B)” 美 FDA 허가 획득 소식",""
"2013-01-23","","","최대주주 변경을 수반하는 주식양수도 계약 체결",""
"2013-01-24","","","자회사 합병 소식",""
"2013-01-24","","","북한의 핵실험 발언에 일부 전쟁 및 테러/방위산업 관련주 상승",""
"2013-01-24","","","김용준 대통령직 인수위원장이 새 정부 첫 총리에 지명됐다는 소식에 관련주로 언급되며 상한가",""
"2013-01-24","","","김용준 대통령직 인수위원장이 새 정부 첫 총리에 지명됐다는 소식에 관련주로 언급되며 상한가",""
"2013-01-24","","","김용준 대통령직 인수위원장이 새 정부 첫 총리에 지명됐다는 소식에 관련주로 언급되며 상한가",""
"2013-01-24","","","우리금융지주가 동사의 우리금융그룹 편입 여부를 검토중",""
"2013-01-24","","","美 AT&T가 국내 스마트폰 제조업체에 무선충전 솔루션 탑재를 요구했다는 소식에 일부 무선충전기술 관련주 상승",""
"2013-01-25","","","우리금융지주가 동사의 우리금융그룹 편입 여부를 검토중",""
"2013-01-25","","","김용준 대통령직 인수위원장이 새 정부 첫 총리에 지명됐다는 소식에 관련주로 언급되며 이틀째 상한가",""
"2013-01-25","","","편의점 알뜰폰 판매소식에 일부 MVNO(가상이동통신망사업자) 관련주 상승",""
"2013-01-25","","","편의점 알뜰폰 판매소식에 일부 MVNO(가상이동통신망사업자) 관련주 상승",""
"2013-01-28","","","우리금융지주가 동사의 우리금융그룹 편입 여부를 검토중",""
"2013-01-28","","","북한의 3차 핵실험 우려에 전쟁 및 테러/ 방위산업관련주 상승",""
"2013-01-28","","","제2의 벤처 창업 붐 조성을 위한 제도 개선 기대감에 창투사 관련주 급등",""
"2013-01-28","","","제2의 벤처 창업 붐 조성을 위한 제도 개선 기대감에 창투사 관련주 급등",""
"2013-01-28","","","제2의 벤처 창업 붐 조성을 위한 제도 개선 기대감에 창투사 관련주 급등",""
"2013-01-28","","","제2의 벤처 창업 붐 조성을 위한 제도 개선 기대감에 창투사 관련주 급등",""
"2013-01-28","","","제2의 벤처 창업 붐 조성을 위한 제도 개선 기대감에 창투사 관련주 급등",""
"2013-01-28","","","연 60만톤(약 660억원) 규모 유연탄 공급권 확보 소식",""
"2013-01-28","","","제2의 벤처 창업 붐 조성을 위한 제도 개선 기대감에 창투사 관련주 급등",""
"2013-01-28","","","북한의 3차 핵실험 우려에 전쟁 및 테러/ 방위산업관련주 상승",""
"2013-01-29","","","신규상장 첫날 상한가",""
"2013-01-30","","","동양그룹주 급등",""
"2013-01-30","","","한국지엠 SUV 신차 범퍼 생산 본격화 소식",""
"2013-01-30","","","동양그룹주 급등",""
"2013-01-30","","","공개매각 추진 소식",""
"2013-01-30","","","지난해 영업이익 및 순이익 흑자전환",""
"2013-01-30","","","삼성전자로의 피인수 기대감",""
"2013-01-30","","","최대주주 변경을 수반하는 주식매매 계약 체결",""
"2013-01-30","","","박근혜 대통령 당선인의 “정부3.0” 발언 소식에 일부 클라우드 컴퓨팅 관련주 상승",""
"2013-01-31","","","공개매각 추진 소식",""
"2013-01-31","","","한국 최초 우주발사체 나로호 발사 성공 소식에 우주항공산업/한국형 우주발사체 관련주 급등",""
"2013-01-31","","","한국 최초 우주발사체 나로호 발사 성공 소식에 우주항공산업/한국형 우주발사체 관련주 급등",""
"2013-01-31","","","한국 최초 우주발사체 나로호 발사 성공 소식에 우주항공산업/한국형 우주발사체 관련주 급등",""
"2013-01-31","","","한국 최초 우주발사체 나로호 발사 성공 소식에 우주항공산업/한국형 우주발사체 관련주 급등",""
"2013-01-31","","","한국 최초 우주발사체 나로호 발사 성공 소식에 우주항공산업/한국형 우주발사체 관련주 급등",""
"2013-01-31","","","자진 상장폐지를 위해 주당 1,200원에 공개매수를 진행한다는 소식",""
"2013-01-31","","","매각 추진 본격화 기대감",""
"2013-02-01","","","지난해 영업이익 흑자전환 소식",""
"2013-02-04","","","북한의 3차 핵실험 임박 소식에 전쟁 및 테러/방위산업 관련주 상승",""
"2013-02-04","","","日 풍력발전 설비 투자 확대 기대감",""
"2013-02-04","","","MVNO(가상이동통신망사업자) 관련주 상승",""
"2013-02-04","","","MVNO(가상이동통신망사업자) 관련주 상승",""
"2013-02-04","","","국내외 독감(인플루엔자) 확산 소식",""
"2013-02-05","","","북한의 3차 핵실험 임박 소식에 일부 전쟁 및 테러/방위산업 관련주 상승",""
"2013-02-05","","","122억원 규모 유형자산 처분 결정",""
"2013-02-05","","","골형성단백질 상반기 시판 기대감",""
"2013-02-05","","","북한의 3차 핵실험 임박 소식에 일부 전쟁 및 테러/방위산업 관련주 상승",""
"2013-02-05","","","PCB 검사장비 개발 성공 소식",""
"2013-02-05","","","50억원 규모의 제3자 배정방식 유상증자 검토 소식",""
"2013-02-06","","","한국수자원공사 컨소시엄, 태국 물사업 적격예비후보 선정 소식에 수자원 질적/양적 관련주 상승",""
"2013-02-06","","","무선충전기 시장 확대 기대감",""
"2013-02-06","","","중국 국가식품약품감독관리국으로부터 위생 허가를 받았다는 소식",""
"2013-02-06","","","한국수자원공사 컨소시엄, 태국 물사업 적격예비후보 선정 소식에 수자원 질적/양적 관련주 상승",""
"2013-02-07","","","한국수자원공사 컨소시엄, 태국 물사업 적격예비후보 선정 소식에 관련주로 언급되며 상한가를 기록",""
"2013-02-07","","","한국수자원공사 컨소시엄, 태국 물사업 적격예비후보 선정 소식에 관련주로 언급되며 상한가를 기록",""
"2013-02-07","","","한국수자원공사 컨소시엄, 태국 물사업 적격예비후보 선정 소식에 관련주로 언급되며 상한가를 기록",""
"2013-02-07","","","한국수자원공사 컨소시엄, 태국 물사업 적격예비후보 선정 소식에 관련주로 언급되며 상한가를 기록",""
"2013-02-08","","","한국수자원공사 컨소시엄, 태국 물사업 적격예비후보 선정 소식에 관련주로 언급되며 상한가를 기록",""
"2013-02-08","","","한국수자원공사 컨소시엄, 태국 물사업 적격예비후보 선정 소식에 관련주로 언급되며 상한가를 기록",""
"2013-02-08","","","전 최대주주의 지분매각 추진 소식",""
"2013-02-08","","","지난해 영업이익 및 순이익 흑자전환",""
"2013-02-12","","","한국수자원공사 컨소시엄, 태국 물사업 적격예비후보 선정 소식에 관련주로 언급되며 사흘째 상한가",""
"2013-02-12","","","지난해 영업이익 및 순이익 흑자전환",""
"2013-02-12","","","北 핵실험 추정 인공지진 감지 소식에 전쟁 및 테러/방위산업관련주 관련주 동반 상승",""
"2013-02-12","","","모간스탠리PE로의 피인수 소식",""
"2013-02-12","","","北 핵실험 추정 인공지진 감지 소식에 전쟁 및 테러/방위산업관련주 관련주 동반 상승",""
"2013-02-13","","","층간소음 규제 강화 소식에 건축용 층간소음완충재 생산업체인 동사의 주가가 상한가를 기록",""
"2013-02-13","","","백혈병 치료제 관련 美 특허 취득 소식",""
"2013-02-14","","","발모촉진제 효능 공식 확인 소식",""
"2013-02-14","","","지난해 실적 개선",""
"2013-02-14","","","동사의 인수전에 국내 대기업이 참여할 것이란 기대감",""
"2013-02-15","","","연강선재 판매 기대감",""
"2013-02-15","","","발모촉진제 효능 공식 확인 소식",""
"2013-02-18","","","김종훈 알카텔-루슨트 벨연구소 소장이 미래창조과학부 장관에 내정됐다는 소식에 관련주로 부각되며 상한가",""
"2013-02-18","","","김종훈 알카텔-루슨트 벨연구소 소장이 미래창조과학부 장관에 내정됐다는 소식에 관련주로 부각되며 상한가",""
"2013-02-18","","","김종훈 알카텔-루슨트 벨연구소 소장이 미래창조과학부 장관에 내정됐다는 소식에 관련주로 부각되며 상한가",""
"2013-02-19","","","김종훈 알카텔-루슨트 벨연구소 소장이 미래창조과학부 장관에 내정됐다는 소식에 관련주로 부각되며 이틀째 상한가",""
"2013-02-19","","","김종훈 알카텔-루슨트 벨연구소 소장이 미래창조과학부 장관에 내정됐다는 소식에 관련주로 부각되며 이틀째 상한가",""
"2013-02-19","","","유상증자를 통해 바이오사이언스홀딩스에 피인수된다는 소식",""
"2013-02-19","","","애니팡 차기작 출시 소식",""
"2013-02-19","","","지난해 4분기 사상 최대 실적 달성",""
"2013-02-19","","","태국 국영방송사업사와 4억달러 규모 셋톱박스 구매의향서 체결 소식",""
"2013-02-19","","","최대주주의 지분매각 추진설",""
"2013-02-19","","","지난해 영업이익 전년대비 흑자전환",""
"2013-02-20","","","김종훈 알카텔-루슨트 벨연구소 소장이 미래창조과학부 장관에 내정됐다는 소식에 관련주로 부각되며 사흘째 상한가",""
"2013-02-20","","","김종훈 알카텔-루슨트 벨연구소 소장이 미래창조과학부 장관에 내정됐다는 소식에 관련주로 부각되며 사흘째 상한가",""
"2013-02-20","","","유상증자를 통해 바이오사이언스홀딩스에 피인수된다는 소식",""
"2013-02-20","","","최대주주의 지분매각 검토 소식",""
"2013-02-20","","","美 프리스케일과 자동차 카메라 영상처리칩 공급계약 체결 소식",""
"2013-02-20","","","2차전지 양극활물질 주문량 급증 소식",""
"2013-02-20","","","지난해 실적 호조",""
"2013-02-21","","","김종훈 알카텔-루슨트 벨연구소 소장이 미래창조과학부 장관에 내정됐다는 소식에 관련주로 부각되며 나흘째 상한가",""
"2013-02-21","","","美 프리스케일과 자동차 카메라 영상처리칩 공급계약 체결 소식",""
"2013-02-21","","","2012년도 실적 호조",""
"2013-02-21","","","안랩(구 안철수연구소) 출신 송태종 전 써니전자 대표이사를 신임 대표이사 부사장으로 선임한다는 소식",""
"2013-02-21","","","中 베이징 스모그에서 암 유발 가능 물질 검출소식에 마스크 관련주 상승",""
"2013-02-21","","","대우증권의 동사 인수전 참여 검토 소식",""
"2013-02-22","","","안랩(구 안철수연구소) 출신 송태종전 써니전자 대표이사를 신임 대표이사 부사장으로 선임한다는 소식",""
"2013-02-22","","","3D 프린터 산업 활성화 기대감에 시장에서 관련주로 언급되며 상한가",""
"2013-02-22","","","액면분할 후 거래재개 첫날 상한가",""
"2013-02-22","","","지난해 영업이익 및 순이익 흑자 전환",""
"2013-02-22","","","3D 프린터 산업 활성화 기대감에 시장에서 관련주로 언급되며 상한가",""
"2013-02-22","","","서울지방법원으로부터 회생계획인가를 결정받았다는 소식",""
"2013-02-22","","","3D 프린터 산업 활성화 기대감에 시장에서 관련주로 언급되며 상한가",""
"2013-02-25","","","3D 프린터 산업 활성화 기대감에 시장에서 관련주로 언급되며 이틀째 상한가",""
"2013-02-25","","","지난해 영업이익 및 순이익 흑자 전환",""
"2013-02-25","","","최대주주 변경을 수반하는 주식양수도 계약 체결",""
"2013-02-25","","","일부 패션/의류 관련주 상승",""
"2013-02-25","","","일부 패션/의류 관련주 상승",""
"2013-02-26","","","르네상스호텔 매각 추진 및 451.98억원 규모의 공급계약 체결",""
"2013-02-26","","","현대차가 세계 최초로 수소연료전지차를 양산한다는 소식에 관련주로 부각되며 상한가",""
"2013-02-26","","","현대차가 세계 최초로 수소연료전지차를 양산한다는 소식에 관련주로 부각되며 상한가",""
"2013-02-26","","","민영화 기대감",""
"2013-02-26","","","삼성전자가 갤럭시S4에 삼성판 아이튠즈 탑재를 준비 중이란 소식에 일부 음원/음반 관련주 상승",""
"2013-02-26","","","거래재개 후 상한가",""
"2013-02-26","","","대규모 공급계약 체결",""
"2013-02-27","","","안철수 전 서울대 교수가 다음달 귀국해 신당을 창당한다는 소식에 안철수 관련주로 언급되며 상한가",""
"2013-02-27","","","안철수 전 서울대 교수가 다음달 귀국해 신당을 창당한다는 소식에 안철수 관련주로 언급되며 상한가",""
"2013-02-27","","","안철수 전 서울대 교수가 다음달 귀국해 신당을 창당한다는 소식에 안철수 관련주로 언급되며 상한가",""
"2013-02-27","","","안철수 전 서울대 교수가 다음달 귀국해 신당을 창당한다는 소식에 안철수 관련주로 언급되며 상한가",""
"2013-02-27","","","안철수 전 서울대 교수가 다음달 귀국해 신당을 창당한다는 소식에 안철수 관련주로 언급되며 상한가",""
"2013-02-28","","","가짜 석유 불법유통에 대한 세무조사 착수 소식에 관련주로 언급되며 상한가",""
"2013-02-28","","","최대주주 지분 증가 소식",""
"2013-02-28","","","지난해 실적 개선 모멘텀 지속",""
"2013-02-28","","","㈜나라에이스홀딩스 대상 유상증자 결정",""
"2013-02-28","","","가짜 석유 불법유통에 대한 세무조사 착수 소식에 관련주로 언급되며 상한가",""
"2013-02-28","","","폴리실리콘 가격 상승에 따른 태양광 에너지 관련주 상승",""
"2013-02-28","","","동사 및 자회사 지난해 실적 개선",""
"2013-03-04","","","지난해 실적 개선 모멘텀 지속",""
"2013-03-04","","","안철수 전 대선 후보가 4.24 재/보궐 선거에서 서울 노원병 지역구에 출마키로 했다는 소식에 안철수 관련주로 언급되는 종목들이 대거 상한가를 기록",""
"2013-03-04","","","안철수 전 대선 후보가 4.24 재/보궐 선거에서 서울 노원병 지역구에 출마키로 했다는 소식에 안철수 관련주로 언급되는 종목들이 대거 상한가를 기록",""
"2013-03-04","","","안철수 전 대선 후보가 4.24 재/보궐 선거에서 서울 노원병 지역구에 출마키로 했다는 소식에 안철수 관련주로 언급되는 종목들이 대거 상한가를 기록",""
"2013-03-04","","","안철수 전 대선 후보가 4.24 재/보궐 선거에서 서울 노원병 지역구에 출마키로 했다는 소식에 안철수 관련주로 언급되는 종목들이 대거 상한가를 기록",""
"2013-03-04","","","안철수 전 대선 후보가 4.24 재/보궐 선거에서 서울 노원병 지역구에 출마키로 했다는 소식에 안철수 관련주로 언급되는 종목들이 대거 상한가를 기록",""
"2013-03-04","","","안철수 전 대선 후보가 4.24 재/보궐 선거에서 서울 노원병 지역구에 출마키로 했다는 소식에 안철수 관련주로 언급되는 종목들이 대거 상한가를 기록",""
"2013-03-04","","","안철수 전 대선 후보가 4.24 재/보궐 선거에서 서울 노원병 지역구에 출마키로 했다는 소식에 안철수 관련주로 언급되는 종목들이 대거 상한가를 기록",""
"2013-03-04","","","안철수 전 대선 후보가 4.24 재/보궐 선거에서 서울 노원병 지역구에 출마키로 했다는 소식에 안철수 관련주로 언급되는 종목들이 대거 상한가를 기록",""
"2013-03-04","","","지난해 실적 호조",""
"2013-03-04","","","안철수 전 대선 후보가 4.24 재/보궐 선거에서 서울 노원병 지역구에 출마키로 했다는 소식에 안철수 관련주로 언급되는 종목들이 대거 상한가를 기록",""
"2013-03-04","","","안철수 전 대선 후보가 4.24 재/보궐 선거에서 서울 노원병 지역구에 출마키로 했다는 소식에 안철수 관련주로 언급되는 종목들이 대거 상한가를 기록",""
"2013-03-04","","","안철수 전 대선 후보가 4.24 재/보궐 선거에서 서울 노원병 지역구에 출마키로 했다는 소식에 안철수 관련주로 언급되는 종목들이 대거 상한가를 기록",""
"2013-03-05","","","안철수 전 대선 후보가 4.24 재/보궐 선거에서 서울 노원병 지역구에 출마키로 했다는 소식에 안철수 관련주로 언급되며 이틀째 상한가",""
"2013-03-05","","","올해 매출 성장 기대감",""
"2013-03-05","","","한국전력의 지능형 전력계량 인프라 투자 소식에 관련주로 언급되며 상한가",""
"2013-03-05","","","매각 주관사 선정 소식",""
"2013-03-05","","","지난해 실적 호조",""
"2013-03-05","","","120억원 규모 BW발행 결정",""
"2013-03-05","","","갤럭시S4에 눈동자 추적기술을 탑재했다는 소식에 관련주로 언급되며 상한가",""
"2013-03-06","","","한국전력의 지능형 전력계량 인프라 투자 소식에 관련주로 언급되며 이틀째 상한가",""
"2013-03-06","","","갤럭시S4에 눈동자 추적기술을 탑재했다는 소식에 관련주로 언급되며 이틀째 상한가",""
"2013-03-06","","","북한의 정전협정 전면 백지화 선언에 전쟁 및 테러/방위산업 관련주 급등",""
"2013-03-06","","","갤럭시S4에 모바일인터넷전화(m-VolP) 기능을 탑재한다는 소식에 관련주로 언급되며 상한가",""
"2013-03-06","","","35억원 규모 BW발행 결정",""
"2013-03-06","","","북한의 정전협정 전면 백지화 선언에 전쟁 및 테러/방위산업 관련주 급등",""
"2013-03-06","","","지난해 실적 개선",""
"2013-03-06","","","지난해 실적 호조",""
"2013-03-07","","","북한의 도발 가능성에 일부 전쟁 및 테러/방위산업 관련주 급등",""
"2013-03-07","","","분할 결정 모멘텀 지속",""
"2013-03-07","","","삼성전자 갤럭시S4 숨은 수혜주로 부각되며 상한가",""
"2013-03-07","","","북한의 도발 가능성에 일부 전쟁 및 테러/방위산업 관련주 급등",""
"2013-03-08","","","하나은행으로의 최대주주 변경",""
"2013-03-08","","","삼성전자 갤럭시S4 숨은 수혜주로 부각되며 이틀째 상한가",""
"2013-03-08","","","플렉시블 박막 태양전지의 가스차단장치 관련 특허권 취득",""
"2013-03-08","","","지난해 영업이익 흑자전환",""
"2013-03-08","","","지난해 영업이익, 순이익 전년대비 흑자전환",""
"2013-03-11","","","삼성전자 갤럭시S4 숨은 수혜주로 부각되며 사흘째 상한가",""
"2013-03-11","","","가수 PSY(싸이) 신곡 발표 기대감",""
"2013-03-11","","","최대주주가 변경될 가능성이 있다는 소식",""
"2013-03-11","","","안철수 전 서울대교수 입국 소식에 안철수 관련주로 부각되며 상한가",""
"2013-03-11","","","128.71억원 규모의 유형자산 처분 결정",""
"2013-03-12","","","진유그룹 컨소시엄 M&A 우선협상대상자 선정",""
"2013-03-12","","","2013년 실적 기대감",""
"2013-03-12","","","스마젠의 에이즈 예방백신 임상 실험 소식",""
"2013-03-12","","","스마젠의 에이즈 예방백신 임상 실험 소식",""
"2013-03-12","","","스마젠의 에이즈 예방백신 임상 실험 소식",""
"2013-03-12","","","최대주주 대상 유상증자 결정",""
"2013-03-13","","","진유그룹 컨소시엄 M&A 우선협상대상자 선정",""
"2013-03-13","","","최대주주 대상 유상증자 결정",""
"2013-03-13","","","현대자동차와 1367억원 규모의 공급계약 소식",""
"2013-03-13","","","이동통신사에 무선충전기 납품을 시작했다는 소식",""
"2013-03-13","","","이동통신사에 무선충전기 납품을 시작했다는 소식",""
"2013-03-13","","","정부의 화폐 개혁 의견 검토 소식에 금융자동화기기/화폐 관련주 급등",""
"2013-03-14","","","이동통신사에 무선충전기 납품을 시작했다는 소식",""
"2013-03-14","","","미래창조과학부 장관에 최문기 한국과학기술원 교수가 내정됐다는 소식에 통신장비 관련주 상승",""
"2013-03-14","","","주식분할 결정",""
"2013-03-14","","","지난해 영업이익 흑자전환",""
"2013-03-14","","","올해 실적 턴어라운드 기대감",""
"2013-03-14","","","미래창조과학부 장관에 최문기 한국과학기술원 교수가 내정됐다는 소식에 지능형로봇 관련주 상승",""
"2013-03-14","","","지난해 연결기준 사상최대 실적 달성",""
"2013-03-14","","","미래창조과학부 장관에 최문기 한국과학기술원 교수가 내정됐다는 소식에 통신장비 관련주 상승",""
"2013-03-14","","","미래창조과학부 장관에 최문기 한국과학기술원 교수가 내정됐다는 소식에 통신장비 관련주 상승",""
"2013-03-14","","","미래창조과학부 장관에 최문기 한국과학기술원 교수가 내정됐다는 소식에 통신장비 관련주 상승",""
"2013-03-14","","","지난해 영업이익 및 순이익 흑자전환",""
"2013-03-14","","","전라북도에서 조류인플루엔자(AI)가 검출됐다는 소식에 관련주로 부각되며 상한가",""
"2013-03-15","","","이동통신사에 무선충전기 납품을 시작했다는 소식",""
"2013-03-15","","","미래창조과학부 장관에 최문기 한국과학기술원 교수가 내정됐다는 소식에 일부 통신장비 관련주 상승",""
"2013-03-15","","","미래창조과학부 장관에 최문기 한국과학기술원 교수가 내정됐다는 소식에 일부 통신장비 관련주 상승",""
"2013-03-15","","","훈미디어 흡수합병 소식",""
"2013-03-15","","","지난해 실적호조",""
"2013-03-15","","","지난해 어닝 서프라이즈",""
"2013-03-18","","","미래창조과학부 장관에 최문기 한국과학기술원 교수가 내정됐다는 소식에 관련주로 부각되며 사흘째 상한가",""
"2013-03-18","","","지난해 어닝 서프라이즈",""
"2013-03-18","","","단기과열완화장치 해제 첫날 상한가",""
"2013-03-19","","","최대주주인 창해에탄올이 최근 홍콩계 펀드 메스노블과 M&A 협상을 진행하고 있다는 소식에 상한가",""
"2013-03-19","","","안철수 전 서울대 교수의 공격적인 정치적 행보에 관련주로 언급되며 상한가",""
"2013-03-19","","","안철수 전 서울대 교수의 공격적인 정치적 행보에 관련주로 언급되며 상한가",""
"2013-03-19","","","라정찬 알앤엘바이오 회장의 주식 매수 소식",""
"2013-03-19","","","안철수 전 서울대 교수의 공격적인 정치적 행보에 관련주로 언급되며 상한가",""
"2013-03-20","","","일자리 창출을 위한 추가경정예산 편성 소식에 일자리(취업) 관련주 급등",""
"2013-03-20","","","대출원리금 일부 상환 및 만기연장 소식",""
"2013-03-20","","","KBS, MBC, YTN, 신한은행 등의 정보전산망 마비 소식에 보안주(정부) 급등",""
"2013-03-20","","","KBS, MBC, YTN, 신한은행 등의 정보전산망 마비 소식에 보안주(정부) 급등",""
"2013-03-20","","","KBS, MBC, YTN, 신한은행 등의 정보전산망 마비 소식에 보안주(정부) 급등",""
"2013-03-20","","","박근혜 정부에서의 로봇 산업 활성화 기대감",""
"2013-03-21","","","젬백스로 피인수 된다는 소식",""
"2013-03-21","","","관리종목 해제",""
"2013-03-21","","","감사의견 적정 소식",""
"2013-03-22","","","젬백스로 피인수 된다는 소식",""
"2013-03-22","","","감사의견 적정 소식",""
"2013-03-22","","","감사보고서 적정 제출",""
"2013-03-22","","","파일 사업부 매각 소식",""
"2013-03-22","","","동사에서 세계 최초로 개발한 배터리 핵심기술이 삼성전자 갤럭시S4에 탑재됐다는 소식",""
"2013-03-25","","","감사의견 적정 소식",""
"2013-03-25","","","최대주주 변경 소식",""
"2013-03-25","","","국내 상장 중국기업 관련주 상승",""
"2013-03-25","","","무상증자 결정",""
"2013-03-25","","","감사의견 적정 소식",""
"2013-03-25","","","우리금융에 피인수 된다는 소식",""
"2013-03-26","","","최대주주 변경 소식",""
"2013-03-26","","","우리금융에 피인수 된다는 소식",""
"2013-03-26","","","M&A 기대감",""
"2013-03-26","","","최대주주 변경 모멘텀 지속",""
"2013-03-27","","","최대주주 변경 소식",""
"2013-03-27","","","M&A 기대감",""
"2013-03-27","","","최대주주 변경 모멘텀 지속",""
"2013-03-27","","","정부의 부동산 부양책 발표를 앞두고 서울, 경기 등에 토지를 보유하고 있는 점이 부각되며 상한가",""
"2013-03-28","","","최대주주 변경 소식",""
"2013-03-28","","","M&A 기대감",""
"2013-03-28","","","일부 보안주(정부) 상승",""
"2013-03-28","","","자기관리 부동산투자회사(REITs) 관련주 급등",""
"2013-03-28","","","AMOLED 장비 수주 본격화 전망",""
"2013-03-28","","","갤럭시S4 출시에 따른 수혜 기대감",""
"2013-03-29","","","M&A 기대감",""
"2013-03-29","","","최대주주 변경 모멘텀 지속",""
"2013-03-29","","","총 37억원 규모 BW발행 결정",""
"2013-03-29","","","홍콩 국적 회사의 주식 보유 소식",""
"2013-03-29","","","감사의견 적정 소식",""
"2013-03-29","","","상장폐지실질심사 대상 제외 소식",""
"2013-03-29","","","우리금융의 동사 인수 결정 소식",""
"2013-04-01","","","M&A 기대감",""
"2013-04-01","","","우리금융으로 피인수 소식",""
"2013-04-01","","","中 수출 기대감",""
"2013-04-01","","","새 정부의 첫 부동산 종합대책 기대감",""
"2013-04-01","","","M&A 검토소식",""
"2013-04-01","","","中 신종 조류 인플루엔자 사망자 발생 소식에 관련주로 부각되며 상한가",""
"2013-04-01","","","中 신종 조류 인플루엔자 사망자 발생 소식에 관련주로 부각되며 상한가",""
"2013-04-01","","","자기관리 부동산투자회사(REITs) 관련주 상승",""
"2013-04-02","","","M&A 기대감",""
"2013-04-02","","","우리금융으로 피인수 소식",""
"2013-04-02","","","서울고속버스터미널의 시외곽 이전 가능성에 서울고속버스터미널 이전 수혜주로 부각되며 상한가",""
"2013-04-02","","","北 핵시설 재가동 소식에 일부 전쟁 및 테러 관련주 급등",""
"2013-04-02","","","일부 게임주 상승",""
"2013-04-02","","","일부 게임주 상승",""
"2013-04-02","","","8억원 규모 BW 발행 결정",""
"2013-04-03","","","M&A 기대감",""
"2013-04-03","","","서울고속버스터미널의 시외곽 이전 가능성에 서울고속버스터미널 이전 수혜주로 부각되며 상한가",""
"2013-04-03","","","일부 제지 관련주 급등",""
"2013-04-03","","","보유주식 처분에 따른 재무구조개선 기대감",""
"2013-04-03","","","中 신종조류인플루엔자(AI) 감염자 추가발생 소식에 관련주로 부각되며 상한가",""
"2013-04-03","","","일부 제지 관련주 급등",""
"2013-04-03","","","中 신종조류인플루엔자(AI) 감염자 추가발생 소식에 관련주로 부각되며 상한가",""
"2013-04-03","","","中 신종조류인플루엔자(AI) 감염자 추가발생 소식에 관련주로 부각되며 상한가",""
"2013-04-03","","","中 신종조류인플루엔자(AI) 감염자 추가발생 소식에 관련주로 부각되며 상한가",""
"2013-04-03","","","中 신종조류인플루엔자(AI) 감염자 추가발생 소식에 관련주로 부각되며 상한가",""
"2013-04-03","","","IBK캐피탈 등을 대상으로 80억원 규모의 신주인수권부사채권(BW) 발행 결정",""
"2013-04-04","","","서울고속버스터미널의 시외곽 이전 가능성에 서울고속버스터미널 이전 수혜주로 부각되며 상한가",""
"2013-04-04","","","中신종조류인플루엔자(AI) 감염자 추가발생 소식",""
"2013-04-04","","","中신종조류인플루엔자(AI) 감염자 추가발생 소식",""
"2013-04-04","","","IBK캐피탈 등을 대상으로 80억원 규모의 신주인수권부사채권(BW) 발행 결정으로 이틀째 상한가",""
"2013-04-04","","","로봇관련 기업들에 대한 정부 정책지원 기대감",""
"2013-04-04","","","신규상장 이틀만에 상한가",""
"2013-04-04","","","북한의 개성공단 통행차단 및 군사적 위협 고조에 전쟁 및 테러/방위산업관련주 상승",""
"2013-04-05","","","서울고속버스터미널의 시외곽 이전 가능성에 서울고속버스터미널 이전 수혜주로 부각되며 상한가",""
"2013-04-05","","","中신종조류인플루엔자(AI) 감염자 추가발생 소식에 관련주로 부각되며 상한가",""
"2013-04-05","","","中신종조류인플루엔자(AI) 감염자 추가발생 소식에 관련주로 부각되며 상한가",""
"2013-04-05","","","80억원 규모 BW발행 결정 모멘텀 지속 및 中 업체와 33.36억원 규모 공급계약 체결",""
"2013-04-05","","","1분기 영업이익 및 순이익 전년동기대비 흑자전환",""
"2013-04-05","","","中신종조류인플루엔자(AI) 감염자 추가발생 소식에 관련주로 부각되며 상한가",""
"2013-04-08","","","분할 후 변경상장 첫날 상한가",""
"2013-04-08","","","中 신종 조류인플루엔자(AI) 감염자 추가발생 소식에 따른 반사이익 기대감으로 일부 수산주 급등",""
"2013-04-08","","","일부 전력설비 관련주 상승",""
"2013-04-08","","","中 신종 조류인플루엔자(AI) 감염자 추가발생 소식에 따른 반사이익 기대감으로 일부 수산주 급등",""
"2013-04-08","","","우리나라의 초미세먼지 농도가 심각하다는 소식 등으로 관련주로 부각되며 상한가",""
"2013-04-08","","","우리나라의 초미세먼지 농도가 심각하다는 소식 등으로 관련주로 부각되며 상한가",""
"2013-04-08","","","우리나라의 초미세먼지 농도가 심각하다는 소식 등으로 관련주로 부각되며 상한가",""
"2013-04-09","","","현대백화점의 동양매직(주) 인수 추진설에 동양그룹주 급등",""
"2013-04-09","","","북한의 개성공단 잠정중단 소식에 일부 전쟁 및 테러/방위산업 관련주 상승",""
"2013-04-09","","","현대백화점의 동양매직(주) 인수 추진설에 동양그룹주 급등",""
"2013-04-09","","","M&A 기대감",""
"2013-04-10","","","현대백화점의 동양매직(주) 인수 추진설에 일부 동양그룹주 상승",""
"2013-04-10","","","유상증자 청약 성공 및 스마트그리드 사업 본격화 기대감",""
"2013-04-10","","","워렌 버핏의 중국 태양광업체 선텍 인수 추진설에 태양광에너지 관련주 상승",""
"2013-04-10","","","감자 후 거래재개 첫날 상한가",""
"2013-04-10","","","암과 심근경색을 진단할 수 있는 첨단 진단기기를 출시한다는 소식",""
"2013-04-10","","","카메라모듈 관련주 상승",""
"2013-04-10","","","워렌 버핏의 중국 태양광업체 선텍 인수 추진설에 태양광에너지 관련주 상승",""
"2013-04-11","","","동양매직(주) 매각 흥행 소식에 일부 동양그룹주 상승",""
"2013-04-11","","","M&A 기대감",""
"2013-04-11","","","YG엔터테인먼트와 공식 라이선스 에이전트 계약 체결 소식",""
"2013-04-11","","","안철수 무소속 후보가 4/24 재보궐선거의 공식 선거운동에 돌입했다는 소식에 관련주로 언급되며 상한가",""
"2013-04-11","","","안철수 무소속 후보가 4/24 재보궐선거의 공식 선거운동에 돌입했다는 소식에 관련주로 언급되며 상한가",""
"2013-04-11","","","안철수 무소속 후보가 4/24 재보궐선거의 공식 선거운동에 돌입했다는 소식에 관련주로 언급되며 상한가",""
"2013-04-11","","","상장폐지 사유 해소 소식",""
"2013-04-11","","","대규모 디스플레이 제조장비 공급계약 체결 소식",""
"2013-04-11","","","안철수 무소속 후보가 4/24 재보궐선거의 공식 선거운동에 돌입했다는 소식에 관련주로 언급되며 상한가",""
"2013-04-11","","","안철수 무소속 후보가 4/24 재보궐선거의 공식 선거운동에 돌입했다는 소식에 관련주로 언급되며 상한가",""
"2013-04-11","","","실적 호조 기대감",""
"2013-04-12","","","YG엔터테인먼트와 공식 라이선스 에이전트 계약 체결 소식",""
"2013-04-12","","","상장폐지 사유 해소 소식",""
"2013-04-12","","","안철수 무소속 후보가 4/24 재보궐선거의 공식 선거운동에 돌입했다는 소식에 관련주로 언급되며 상한가",""
"2013-04-12","","","무선충전 기능을 탑재한 갤럭시S4 출시 기대감에 관련주로 부각되며 상한가",""
"2013-04-12","","","무선충전 기능을 탑재한 갤럭시S4 출시 기대감에 관련주로 부각되며 상한가",""
"2013-04-12","","","남북간에 대화 창구가 열릴 가능성이 부각되며 일부 전력설비 관련주 상승",""
"2013-04-15","","","YG엔터테인먼트와 공식 라이선스 에이전트 계약 체결 모멘텀 지속 및 가수 싸이의 젠틀맨 뮤직비디오 조회수 3,000만건 돌파 소식",""
"2013-04-15","","","中 신종조류인플루엔자(AI) 감염자 추가발생 소식에 관련주로 부각되며 상한가",""
"2013-04-15","","","中 신종조류인플루엔자(AI) 감염자 추가발생 소식에 관련주로 부각되며 상한가",""
"2013-04-15","","","사옥 매각에 따른 재무구조 개선 기대감",""
"2013-04-15","","","中 신종조류인플루엔자(AI) 감염자 추가발생 소식에 관련주로 부각되며 상한가",""
"2013-04-15","","","강덕수 STX그룹 회장이 러시아에서 LNG 프로젝트 협력을 논의했다는 소식에 STX그룹주 동반 상승",""
"2013-04-15","","","가수 싸이의 “젠틀맨” 뮤직비디오 조회수 3,000만건 돌파 소식에 관련주로 부각되며 상한가",""
"2013-04-15","","","가수 싸이의 “젠틀맨” 뮤직비디오 조회수 3,000만건 돌파 소식에 관련주로 부각되며 상한가",""
"2013-04-15","","","기업매각(M&A)관련 신문공고 소식",""
"2013-04-15","","","가수 싸이의 “젠틀맨” 뮤직비디오 조회수 3,000만건 돌파 소식에 관련주로 부각되며 상한가",""
"2013-04-16","","","YG엔터테인먼트와 공식 라이선스 에이전트 계약 체결 모멘텀 지속 및 가수 싸이의 신곡 “젠틀맨” 흥행 소식",""
"2013-04-16","","","가수 싸이의 신곡 “젠틀맨” 흥행 소식에 관련주로 부각되며 상한가",""
"2013-04-16","","","가수 싸이의 신곡 “젠틀맨” 흥행 소식에 관련주로 부각되며 상한가",""
"2013-04-16","","","가수 싸이의 신곡 “젠틀맨” 흥행 소식에 관련주로 부각되며 상한가",""
"2013-04-16","","","마스크 관련주 상승",""
"2013-04-16","","","신종 조류독감 인플루엔자 예방 DNA백신 후보물질 도출 소식",""
"2013-04-16","","","중국 향 수출 증가에 따른 실적개선 전망",""
"2013-04-16","","","처음앤씨의 대표와 임원의 대규모 지분 매입 소식",""
"2013-04-17","","","YG엔터테인먼트와 공식 라이선스 에이전트 계약 체결 모멘텀 지속 및 가수 싸이의 신곡 “젠틀맨” 흥행 소식",""
"2013-04-17","","","처음앤씨의 대표와 임원의 대규모 지분 매입 소식",""
"2013-04-17","","","바이오 사업 기대감",""
"2013-04-17","","","르네상스호텔 매각 추진 소식",""
"2013-04-18","","","처음앤씨의 대표와 임원의 대규모 지분 매입 소식",""
"2013-04-18","","","다국적 제약회사 머크사 회장이 삼성 최고 경영진과 바이오시밀러 사업 협력을 논의하기 위해 방한했다는 소식에 관련주로 부각되며 상한가",""
"2013-04-18","","","남부신공항 로드맵 마련 소식에 관련주로 부각되며 상한가",""
"2013-04-18","","","최대주주 대상 유상증자 결정",""
"2013-04-18","","","초고속 인터넷보다 최대 10배 빠른 기가인터넷이 전국에 보급된다는 소식에 관련주로 부각되며 상한가",""
"2013-04-18","","","남부신공항 로드맵 마련 소식에 관련주로 부각되며 상한가",""
"2013-04-18","","","남부신공항 로드맵 마련 소식에 관련주로 부각되며 상한가",""
"2013-04-18","","","LG화학 독점 납품에 따른 실적 개선 기대감",""
"2013-04-19","","","KT와 63.99억원 규모 무선자재 단가계약(급전선) 체결",""
"2013-04-19","","","4/24 재보궐 선거를 앞두고 안철수 후보에 대한 기대감에 관련주로 부각되며 상한가",""
"2013-04-19","","","4/24 재보궐 선거를 앞두고 안철수 후보에 대한 기대감에 관련주로 부각되며 상한가",""
"2013-04-19","","","유무상증자 결정",""
"2013-04-22","","","최대주주 변경을 수반하는 주식양수도 계약 체결",""
"2013-04-22","","","KT와 63.99억원 규모 무선자재 단가계약(급전선) 체결",""
"2013-04-22","","","자회사 실적개선 전망",""
"2013-04-22","","","가수 싸이와 관련한 해외판권을 계약할 수도 있다는 기대감",""
"2013-04-22","","","삼성전자 핸드폰에 들어가는 금속부품을 납품 중이란 소식",""
"2013-04-23","","","최대주주 변경을 수반하는 주식양수도 계약 체결",""
"2013-04-23","","","KT와 63.99억원 규모 무선자재 단가계약(급전선) 체결",""
"2013-04-23","","","한국원자력연구원과 빌 게이츠가 미래 원자로 개발을 공동 추진한다는 소식에 원자력발전 관련주 상승",""
"2013-04-23","","","카자흐 광구 유정 원유층 확인 소식",""
"2013-04-24","","","최대주주변경을 수반하는 주식양수도 계약 체결",""
"2013-04-24","","","경영 정상화 추진 기대감",""
"2013-04-24","","","넥스지 지분매각을 위해 매각 자문사를 선정했다는 소식",""
"2013-04-24","","","상표권 매각 소식",""
"2013-04-24","","","경영 정상화 추진 기대감",""
"2013-04-24","","","경영 정상화 추진 기대감",""
"2013-04-24","","","경영 정상화 추진 기대감",""
"2013-04-24","","","누리텔레콤이 넥스지 지분매각을 위해 매각 자문사를 선정했다는 소식",""
"2013-04-24","","","계열사 흡수합병 및 안정적인 지배구조에 따른 고성장 기대 모멘텀 지속",""
"2013-04-24","","","2분기 실적 개선 기대감",""
"2013-04-24","","","경영 정상화 추진 기대감",""
"2013-04-25","","","라정찬 알앤엘바이오 회장을 동사 대표이사로 선임했다는 소식",""
"2013-04-25","","","상표권 매각 소식",""
"2013-04-25","","","누리텔레콤이 동사 지분매각을 위해 매각 자문사를 선정했다는 소식",""
"2013-04-25","","","에이즈 치료진단제 개발 소식 및 백신/진단시약/방역 관련주 상승",""
"2013-04-25","","","대만 신종조류인플루엔자(AI) 감염자 발생 소식에 관련주로 부각되며 상한가",""
"2013-04-25","","","스마트폰용 강화유리를 가공하는 데 성공했다는 소식",""
"2013-04-25","","","대만 신종조류인플루엔자(AI) 감염자 발생 소식에 관련주로 부각되며 상한가",""
"2013-04-25","","","대만 신종조류인플루엔자(AI) 감염자 발생 소식에 관련주로 부각되며 상한가",""
"2013-04-26","","","에이즈 치료진단제 개발 소식",""
"2013-04-26","","","동양의 섬유사업부 매각 추진 소식에 동양그룹주 상승",""
"2013-04-29","","","M&A 기대감",""
"2013-04-29","","","M&A 기대감",""
"2013-04-29","","","재무구조 개선을 위해 이노칩 주식을 매각한다는 소식",""
"2013-04-29","","","中 신종조류인플루엔자(AI) 감염자 추가발생 소식에 관련주로 부각되며 상한가",""
"2013-04-29","","","中 신종조류인플루엔자(AI) 감염자 추가발생 소식에 관련주로 부각되며 상한가",""
"2013-04-29","","","中 신종조류인플루엔자(AI) 감염자 추가발생 소식에 관련주로 부각되며 상한가",""
"2013-04-30","","","中 신종조류인플루엔자(AI) 감염자 추가발생 소식에 관련주로 부각되며 이틀째 상한가",""
"2013-04-30","","","中 신종조류인플루엔자(AI) 감염자 추가발생 소식에 관련주로 부각되며 이틀째 상한가",""
"2013-04-30","","","환기종목 지정 해제 기대감",""
"2013-04-30","","","신규상장 첫날 상한가",""
"2013-04-30","","","삼성그룹과 빌 게이츠가 차세대 원전개발을 추진키로 했다는 소식에 일부 원자력발전 관련주 상승",""
"2013-04-30","","","삼성그룹과 빌 게이츠가 차세대 원전개발을 추진키로 했다는 소식에 일부 원자력발전 관련주 상승",""
"2013-05-02","","","투자주의환기종목 지정 해제",""
"2013-05-02","","","투자주의환기종목 지정 해제",""
"2013-05-02","","","벤처기업부에서 우량기업부로 소속부 변경",""
"2013-05-02","","","안철수 무소속 의원의 신당 창단 기대감에 관련주로 부각되며 상한가",""
"2013-05-02","","","1분기 실적 호조",""
"2013-05-02","","","유동성 확보 기대감",""
"2013-05-02","","","안철수 무소속 의원의 신당 창단 기대감에 관련주로 부각되며 상한가",""
"2013-05-02","","","항만 운영업체 종속회사 편입 소식",""
"2013-05-02","","","투자주의환기종목 지정 해제",""
"2013-05-02","","","실적 개선 기대감에 통신주 상승",""
"2013-05-02","","","투자주의환기종목 지정 해제",""
"2013-05-02","","","투자주의환기종목 지정 해제",""
"2013-05-02","","","안철수 무소속 의원의 신당 창단 기대감에 관련주로 부각되며 상한가",""
"2013-05-02","","","투자주의환기종목 지정 해제 및 225억원 규모 공사계약 체결",""
"2013-05-02","","","안철수 무소속 의원의 신당 창단 기대감에 관련주로 부각되며 상한가",""
"2013-05-02","","","“살인 진드기” 바이러스 국내 서식 확인 소식에 관련주로 부각되며 상한가",""
"2013-05-03","","","투자주의환기종목 지정 해제",""
"2013-05-03","","","투자주의환기종목 지정 해제",""
"2013-05-03","","","투자주의환기종목 지정 해제 및 225억원 규모 공사계약 체결 모멘텀 지속",""
"2013-05-03","","","항만 운영업체 종속회사 편입 소식",""
"2013-05-03","","","투자주의환기종목 지정 해제",""
"2013-05-03","","","바른손게임즈의 신작 게임 출시 기대감",""
"2013-05-03","","","신작 게임 출시 기대감",""
"2013-05-03","","","일부 백신/진단시약/방역 관련주 상승",""
"2013-05-03","","","일부 원자력발전 관련주 상승",""
"2013-05-06","","","바른손게임즈의 신작 게임 출시 기대감",""
"2013-05-06","","","신작 게임 출시 기대감",""
"2013-05-06","","","EU의 중국산 태양광 패널에 반덤핑 관세 추진 소식에 태양광에너지(원료 및 장비) 관련주 상승",""
"2013-05-06","","","EU의 중국산 태양광 패널에 반덤핑 관세 추진 소식에 태양광에너지(원료 및 장비) 관련주 상승",""
"2013-05-06","","","매각 추진 주간사 선정 소식",""
"2013-05-06","","","M&A 기대감",""
"2013-05-07","","","신작 게임 출시 기대감",""
"2013-05-07","","","신규상장 후 연일 급등",""
"2013-05-07","","","미국을 방문중인 박근혜 대통령이 미국 기업들로부터 대규모 투자 약속을 받았다는 소식에 관련주로 부각되며 상한가",""
"2013-05-08","","","저평가 매력 부각으로 국내 상장 중국기업 관련주 급등",""
"2013-05-08","","","저평가 매력 부각으로 국내 상장 중국기업 관련주 급등",""
"2013-05-08","","","저평가 매력 부각으로 국내 상장 중국기업 관련주 급등",""
"2013-05-09","","","상장폐지 실질심사 대상 제외 및 기준금리 인하 결정에 따른 수혜 기대감",""
"2013-05-09","","","기준금리 인하 결정에 따른 수혜 기대감",""
"2013-05-09","","","액면분할 효과로 거래재개 첫날 상한가",""
"2013-05-09","","","자회사를 통해 삼성전자 글로벌 콘텐츠스토어 삼성허브를 운영중이란 소식",""
"2013-05-09","","","게임 라인업 및 사업방향 발표 소식",""
"2013-05-09","","","中 신종조류인플루엔자(AI) 변이 가능성 소식에 관련주로 부각되며 상한가",""
"2013-05-09","","","삼성전자와 음원서비스 제휴 소식",""
"2013-05-09","","","1분기 실적 호조 및 증권사 호평",""
"2013-05-09","","","구글과의 온라인 콘텐츠 공급계약 체결 소식",""
"2013-05-10","","","액면분할 효과",""
"2013-05-10","","","삼성전자와 음원서비스 제휴 소식",""
"2013-05-10","","","구글과의 온라인 콘텐츠 공급계약 체결 소식",""
"2013-05-10","","","“시큐리티 컨퍼런스 2013” 성공적 개최 소식",""
"2013-05-10","","","지난해 실적 호조",""
"2013-05-10","","","이민주 회장측 대상 유상증자 결정",""
"2013-05-10","","","엔화 약세 수혜 기대감에 SBI그룹주 상승",""
"2013-05-10","","","리홈쿠첸 지분가치 부각",""
"2013-05-13","","","삼성전자와 음원서비스 제휴 소식",""
"2013-05-13","","","엔화 약세 수혜 기대감 및 창투사 관련주 급등",""
"2013-05-13","","","정부의 창업/벤처기업 활성화 지원 기대감과 삼성그룹의 창조경제 투자 소식에 창투사 관련주 급등",""
"2013-05-13","","","美에 LED조명 공급계약 체결",""
"2013-05-13","","","상장폐지 대상 제외 소식에 거래재개 첫날 상한가",""
"2013-05-13","","","저평가 및 성장 기대감",""
"2013-05-14","","","일부 중소형 건설사 관련주 상한가",""
"2013-05-14","","","일부 중소형 건설사 관련주 상한가",""
"2013-05-14","","","일부 중소형 건설사 관련주 상한가",""
"2013-05-14","","","일부 중소형 건설사 관련주 상한가",""
"2013-05-14","","","일본향 매출 증가에 따른 실적 개선 전망",""
"2013-05-15","","","2대주주인 CNH그룹의 경영참여 소식",""
"2013-05-15","","","모회사의 아울렛 인수에 따른 시너지 기대감",""
"2013-05-15","","","1분기 실적 호조",""
"2013-05-15","","","정부의 고강도 창업/벤처기업 활성화 지원 대책 발표에 창투사 관련주 급등",""
"2013-05-15","","","정부의 고강도 창업/벤처기업 활성화 지원 대책 발표에 창투사 관련주 급등",""
"2013-05-15","","","정부의 고강도 창업/벤처기업 활성화 지원 대책 발표에 창투사 관련주 급등",""
"2013-05-15","","","구글이 이번 주 중 음원서비스를 개시할 계획이라는 소식에 앞서 구글과의 온라인 콘텐츠 공급계약을 체결한 동사의 주가가 상한가를 기록",""
"2013-05-15","","","신규상장 첫날 상한가",""
"2013-05-15","","","자진 상장폐지를 위한 공개매수 진행 소식",""
"2013-05-16","","","2대주주인 CNH그룹의 경영참여 소식",""
"2013-05-16","","","신규상장 후 이틀째 상한가",""
"2013-05-16","","","회생절차 개시 결정",""
"2013-05-16","","","1분기 실적 개선",""
"2013-05-16","","","국내 첫 살인진드기 의심 환자 사망 소식에 관련주로 언급되며 상한가",""
"2013-05-16","","","국내 첫 살인진드기 의심 환자 사망 소식에 관련주로 언급되며 상한가",""
"2013-05-16","","","무상증자 결정",""
"2013-05-16","","","1분기 영업이익 및 순이익 흑자전환 소식",""
"2013-05-20","","","1분기 실적 개선",""
"2013-05-20","","","회생절차 개시 결정",""
"2013-05-20","","","1분기 실적 개선",""
"2013-05-20","","","최대주주 대상 30억원 규모 유상증자 결정",""
"2013-05-20","","","1분기 실적 호조",""
"2013-05-20","","","정홍원 국무총리가 태국 잉락 친나왓 총리와 면담을 갖고 태국 물관리사업의 한국기업 참여를 요청했다는 소식에 관련주로 부각되며 상한가",""
"2013-05-20","","","최대주주 변경 소식",""
"2013-05-21","","","회생절차 개시 결정",""
"2013-05-21","","","신작 게임 기대감",""
"2013-05-21","","","최대주주 변경 소식",""
"2013-05-21","","","비천연 아미노산 대량생산 소식",""
"2013-05-21","","","당뇨병 치료용 형질전환 세포주 개발착수 소식",""
"2013-05-21","","","살인진드기 공포 확산에 따른 살충제 진드기싹 매출이 급증했다는 소식",""
"2013-05-22","","","회생절차 개시 결정",""
"2013-05-22","","","비천연 아미노산 대량생산 소식",""
"2013-05-22","","","바이오사업 진출",""
"2013-05-22","","","액면분할로 인한 변경상장 첫날 상한가",""
"2013-05-22","","","이지바이오그룹이 서울대와 합작해 친환경 닭고기 시장 공략에 나선다는 소식",""
"2013-05-22","","","액면분할로 인한 변경상장 첫날 상한가",""
"2013-05-22","","","분기 최대 순이익으로 10분기만에 흑자 전환을 달성했다는 소식",""
"2013-05-23","","","비천연 아미노산 대량생산 소식",""
"2013-05-23","","","액면분할 효과 및 수익성 개선 기대감",""
"2013-05-23","","","페이퍼코리아(주) 대상 유상증자 결정",""
"2013-05-23","","","北 6.15 공동선언 행사 공동개최 제안 소식에 관련주로 부각되며 상한가",""
"2013-05-23","","","北 6.15 공동선언 행사 공동개최 제안 소식에 관련주로 부각되며 상한가",""
"2013-05-23","","","안철수 의원의 정치적 행보 본격화 소식에 관련주로 언급되며 상한가",""
"2013-05-23","","","소셜 네트워크 서비스 옷깃이 앱스토어 1위를 달성했다는 소식",""
"2013-05-23","","","北 6.15 공동선언 행사 공동개최 제안 소식에 관련주로 부각되며 상한가",""
"2013-05-24","","","비천연 아미노산 대량생산 소식",""
"2013-05-24","","","안철수 의원의 정치적 행보 본격화 소식에 관련주로 언급되며 상한가",""
"2013-05-24","","","건축공사 및 토목공사 관련 계약을 추진 중이라는 소식",""
"2013-05-24","","","SK하이닉스 출하량 증가에 따른 실적 회복 기대감",""
"2013-05-24","","","상장예비심사 승인 소식에 거래재개 첫날 상한가",""
"2013-05-27","","","안철수 의원의 정치적 행보 본격화 소식에 관련주로 언급되며 상한가",""
"2013-05-27","","","건축공사 및 토목공사 관련 계약을 추진 중이라는 소식",""
"2013-05-27","","","엔저 완화에 자동차부품 관련주 상승",""
"2013-05-27","","","에스비엠의 최대주주 등극 소식",""
"2013-05-27","","","1분기 실적 호조",""
"2013-05-27","","","액면병합 후 거래 재개 첫날 상한가",""
"2013-05-27","","","기업 공개매각 추진 소식",""
"2013-05-28","","","건축공사 및 토목공사 관련 계약을 추진 중이라는 소식",""
"2013-05-28","","","기업 공개매각 추진 소식",""
"2013-05-28","","","일부 자동차부품 관련주 상승",""
"2013-05-28","","","2분기에도 어닝 서프라이즈 행진을 이어갈 것이란 기대감",""
"2013-05-28","","","신고리 2호기 및 신월성 1호기 원자력발전소 운영 중단 소식에 스마트그리드(지능형전력망) 관련주 상승",""
"2013-05-28","","","음성 호 연속성(VCC) 서비스 제공 방법 관련 특허권 취득 모멘텀 지속",""
"2013-05-28","","","재무구조 개선 기대감",""
"2013-05-29","","","정부의 부동산 정책에 따른 시장 회복 기대감 및 인수합병(M&A) 기대감에 중소형 건설사 동반 상승",""
"2013-05-29","","","정부의 부동산 정책에 따른 시장 회복 기대감 및 인수합병(M&A) 기대감에 중소형 건설사 동반 상승",""
"2013-05-29","","","정부의 부동산 정책에 따른 시장 회복 기대감 및 인수합병(M&A) 기대감에 중소형 건설사 동반 상승",""
"2013-05-29","","","정부의 부동산 정책에 따른 시장 회복 기대감 및 인수합병(M&A) 기대감에 중소형 건설사 동반 상승",""
"2013-05-29","","","정부의 부동산 정책에 따른 시장 회복 기대감 및 인수합병(M&A) 기대감에 중소형 건설사 동반 상승",""
"2013-05-29","","","정부의 부동산 정책에 따른 시장 회복 기대감 및 인수합병(M&A) 기대감에 중소형 건설사 동반 상승",""
"2013-05-29","","","영업이익 및 순이익 흑자전환 소식",""
"2013-05-29","","","산업은행이 STX팬오션을 인수할 것이란 기대감에 STX그룹주 급등",""
"2013-05-29","","","정부의 부동산 정책에 따른 시장 회복 기대감 및 인수합병(M&A) 기대감에 중소형 건설사 동반 상승",""
"2013-05-29","","","산업은행으로의 피인수 기대감",""
"2013-05-29","","","정부의 부동산 정책에 따른 시장 회복 기대감 및 인수합병(M&A) 기대감에 중소형 건설사 동반 상승",""
"2013-05-30","","","부동산시장 회복 기대감과 인수합병(M&A) 기대감",""
"2013-05-30","","","영업이익 및 순이익 흑자전환 소식",""
"2013-05-30","","","현대차가 무선충전기를 탑재한 신차 출시를 준비하고 있다는 소식",""
"2013-05-30","","","올 여름 최악의 전력난 우려에 스마트그리드(지능형전력망) 관련주 상승",""
"2013-05-30","","","SG충남방적의 관리종목 지정 해제 소식에 SG그룹주 상승",""
"2013-05-30","","","올 여름 최악의 전력난 우려에 스마트그리드(지능형전력망) 관련주 상승",""
"2013-05-30","","","신규상장 첫날 상한가",""
"2013-05-30","","","액면병합 후 거래 재개 첫날 상한가",""
"2013-05-30","","","관리종목 지정 해제 소식",""
"2013-05-30","","","본격적인 여름철과 장마철을 대비한 제습기 수요 확대 기대감",""
"2013-05-31","","","신규상장 후 이틀연속 상한가",""
"2013-05-31","","","지난해 실적 개선",""
"2013-05-31","","","1분기 실적 호조",""
"2013-05-31","","","1분기 실적 호조 및 쓰레기종량제 시행 기대감",""
"2013-05-31","","","1분기 영업이익 및 순이익 흑자전환 소식",""
"2013-06-03","","","전력 경보 발령 예상에 스마트그리드(지능형전력망) 관련주 상승",""
"2013-06-03","","","1분기 영업이익 및 순이익 흑자전환 소식",""
"2013-06-03","","","전력 경보 발령 예상에 스마트그리드(지능형전력망) 관련주 상승",""
"2013-06-03","","","M&A 기대감",""
"2013-06-03","","","본격적인 여름철과 장마철을 대비한 제습기 수요 확대 기대 모멘텀 지속",""
"2013-06-03","","","전력수급 비상에 관련주로 부각",""
"2013-06-03","","","전력수급 비상에 관련주로 부각",""
"2013-06-03","","","현대차가 무선충전기를 탑재한 신차 출시를 준비하고 있다는 소식에 수혜주로 부각",""
"2013-06-03","","","전력 경보 발령 예상에 스마트그리드(지능형전력망) 관련주 상승",""
"2013-06-03","","","전력 경보 발령 예상에 스마트그리드(지능형전력망) 관련주 상승",""
"2013-06-03","","","전력 경보 발령 예상에 스마트그리드(지능형전력망) 관련주 상승",""
"2013-06-04","","","전력수급 비상에 전력저장장치(ESS) 관련주로 부각되며 연일 급등",""
"2013-06-04","","","전력수급 비상에 전력저장장치(ESS) 관련주로 부각되며 연일 급등",""
"2013-06-04","","","현대차의 무선충전기탑재 신차 출시 기대감",""
"2013-06-04","","","M&A 기대감",""
"2013-06-04","","","일부 중소형 건설사 관련주 급등",""
"2013-06-04","","","연간 30만KW의 전력 생산 소식",""
"2013-06-04","","","주요 금융기관과 보안 솔루션 공급 계약 소식",""
"2013-06-04","","","전력난 우려에 일부 스마트그리드(지능형전력망) 관련주 급등",""
"2013-06-04","","","일부 중소형 건설사 관련주 급등",""
"2013-06-04","","","일부 중소형 건설사 관련주 급등",""
"2013-06-04","","","신약 해외진출 소식",""
"2013-06-05","","","전력수급 비상에 전력저장장치(ESS) 관련주로 부각되며 연일 급등",""
"2013-06-05","","","ESS(Energy Storage System) 수출향에 대한 개발 완료 소식",""
"2013-06-05","","","케이스 탑재형 직렬형 커패시터 관련 특허 취득",""
"2013-06-05","","","정부의 고용률 70% 달성 로드맵 발표 소식에 일부 창투사 관련주 상승",""
"2013-06-07","","","일부 중소형 건설사 관련주 상승",""
"2013-06-07","","","북한의 장관급회담 제안 소식에 관련주로 언급되는 종목들이 대거 상한가를 기록",""
"2013-06-07","","","북한의 장관급회담 제안 소식에 관련주로 언급되는 종목들이 대거 상한가를 기록",""
"2013-06-07","","","북한의 장관급회담 제안 소식에 관련주로 언급되는 종목들이 대거 상한가를 기록",""
"2013-06-07","","","북한의 장관급회담 제안 소식에 관련주로 언급되는 종목들이 대거 상한가를 기록",""
"2013-06-07","","","북한의 장관급회담 제안 소식에 관련주로 언급되는 종목들이 대거 상한가를 기록",""
"2013-06-07","","","북한의 장관급회담 제안 소식에 관련주로 언급되는 종목들이 대거 상한가를 기록",""
"2013-06-07","","","북한의 장관급회담 제안 소식에 관련주로 언급되는 종목들이 대거 상한가를 기록",""
"2013-06-07","","","북한의 장관급회담 제안 소식에 관련주로 언급되는 종목들이 대거 상한가를 기록",""
"2013-06-07","","","북한의 장관급회담 제안 소식에 관련주로 언급되는 종목들이 대거 상한가를 기록",""
"2013-06-07","","","북한의 장관급회담 제안 소식에 관련주로 언급되는 종목들이 대거 상한가를 기록",""
"2013-06-07","","","북한의 장관급회담 제안 소식에 관련주로 언급되는 종목들이 대거 상한가를 기록",""
"2013-06-07","","","북한의 장관급회담 제안 소식에 관련주로 언급되는 종목들이 대거 상한가를 기록",""
"2013-06-07","","","북한의 장관급회담 제안 소식에 관련주로 언급되는 종목들이 대거 상한가를 기록",""
"2013-06-07","","","북한의 장관급회담 제안 소식에 관련주로 언급되는 종목들이 대거 상한가를 기록",""
"2013-06-07","","","북한의 장관급회담 제안 소식에 관련주로 언급되는 종목들이 대거 상한가를 기록",""
"2013-06-07","","","북한의 장관급회담 제안 소식에 관련주로 언급되는 종목들이 대거 상한가를 기록",""
"2013-06-07","","","북한의 장관급회담 제안 소식에 관련주로 언급되는 종목들이 대거 상한가를 기록",""
"2013-06-07","","","북한의 장관급회담 제안 소식에 관련주로 언급되는 종목들이 대거 상한가를 기록",""
"2013-06-07","","","북한의 장관급회담 제안 소식에 관련주로 언급되는 종목들이 대거 상한가를 기록",""
"2013-06-07","","","일부 중소형 건설사 관련주 상승",""
"2013-06-10","","","일부 중소형 건설사 관련주 상승",""
"2013-06-10","","","남-북 당국 회담 개최 소식에 일부 남북경협/전력설비 관련주 상승",""
"2013-06-10","","","남-북 당국 회담 개최 소식에 일부 남북경협/전력설비 관련주 상승",""
"2013-06-10","","","남-북 당국 회담 개최 소식에 일부 남북경협/전력설비 관련주 상승",""
"2013-06-10","","","남-북 당국 회담 개최 소식에 일부 남북경협/전력설비 관련주 상승",""
"2013-06-10","","","일부 중소형 건설사 관련주 상승",""
"2013-06-11","","","남-북 당국 회담 개최 소식에 일부 남북경협 관련주 연일 상승",""
"2013-06-11","","","한국수자원공사 컨소시엄이 태국 물관리사업 우선협상대상자에 선정됐다는 소식에 일부 관련주 상승",""
"2013-06-11","","","한국수자원공사 컨소시엄이 태국 물관리사업 우선협상대상자에 선정됐다는 소식에 일부 관련주 상승",""
"2013-06-11","","","바이오마커 유럽 특허신청 완료 소식",""
"2013-06-12","","","전력수급 비상에 따른 반사익 기대감",""
"2013-06-12","","","우리금융 피인수 기대감",""
"2013-06-13","","","STX그룹주 급등",""
"2013-06-13","","","동해남부선 일부 구간 공사 추가수주",""
"2013-06-13","","","다음주부터 장마가 시작된다는 예보에 관련주로 부각되며 상한가",""
"2013-06-13","","","정부가 신공항 수요 및 입지 타당성 조사에 속도를 낸다는 소식에 관련주로 부각되며 상한가",""
"2013-06-14","","","551.28억원 규모 공사 수주",""
"2013-06-14","","","남북 화해모드 기대감에 남북경협 관련주 상승",""
"2013-06-14","","","정부가 치매예측 뇌지도 구축에 나선다는 소식",""
"2013-06-14","","","31.75억원 규모 공급계약 체결",""
"2013-06-17","","","551.28억원 규모 공사 수주",""
"2013-06-17","","","북한의 “북/미 고위급 회담” 제의 소식에 일부 남북경협 관련주 상승",""
"2013-06-17","","","우리금융으로의 피인수 확정 소식",""
"2013-06-17","","","북한의 “북/미 고위급 회담” 제의 소식에 일부 남북경협 관련주 상승",""
"2013-06-17","","","동양그룹이 교원그룹에 동양매직을 매각키로 했다는 소식",""
"2013-06-17","","","동양그룹이 교원그룹에 동양매직을 매각키로 했다는 소식",""
"2013-06-17","","","경영권 양도 소식",""
"2013-06-17","","","북한의 “북/미 고위급 회담” 제의 소식에 일부 남북경협 관련주 상승",""
"2013-06-17","","","민주당 문재인 의원의 정치재개 소식에 관련주로 언급되며 상한가",""
"2013-06-17","","","민주당 문재인 의원의 정치재개 소식에 관련주로 언급되며 상한가",""
"2013-06-17","","","M&A 본계약 체결을 앞두고 상한가",""
"2013-06-17","","","120만주 규모 자사주 취득 결정",""
"2013-06-18","","","우리금융으로의 피인수 확정 소식",""
"2013-06-18","","","경영권 양도 소식",""
"2013-06-18","","","정부의 에너지 사용 제한 조치 시행 소식에 ESS(전력저장장치) 관련주 상승",""
"2013-06-18","","","구조조정 가속화 기대감에 STX그룹주 급등",""
"2013-06-18","","","M&A 기대감",""
"2013-06-19","","","우리금융으로의 피인수 확정 소식",""
"2013-06-19","","","M&A 기대감",""
"2013-06-19","","","자회사의 카카오게임 ""뮤직톡톡 for Kakao"" 서비스 실시 소식",""
"2013-06-19","","","계열사 지분 처분 소식",""
"2013-06-19","","","83억원 규모의 유형자산 처분 결정",""
"2013-06-19","","","동양의 회사채 발행 성공 소식에 동양그룹주 상승",""
"2013-06-19","","","회사채 발행 성공 소식",""
"2013-06-20","","","우리금융으로의 피인수 확정 소식",""
"2013-06-20","","","M&A 기대감",""
"2013-06-20","","","폴라리스쉬핑의 인수 검토 소식",""
"2013-06-20","","","제이와이피 흡수합병 소식",""
"2013-06-21","","","제이와이피 흡수합병 소식",""
"2013-06-21","","","층간소음 해결 단열재 공개 소식",""
"2013-06-21","","","하반기 탄소나노튜브 투명전극 센서 본격 양산 소식",""
"2013-06-24","","","피인수 기대감",""
"2013-06-24","","","우리금융의 자회사로 편입됐다는 소식",""
"2013-06-24","","","M&A 기대감 지속",""
"2013-06-24","","","바이오 양모제 “헤어2:8” 수출 기대감",""
"2013-06-24","","","글로벌 바이오업체에 비천연 아미노산 제품을 공급키로 했다는 소식",""
"2013-06-25","","","글로벌 바이오업체에 비천연 아미노산 제품을 공급키로 했다는 소식",""
"2013-06-25","","","284.41억원 규모 아파트 공사 수주",""
"2013-06-25","","","신규사업 추진 소식",""
"2013-06-25","","","골이식복합재료 공급계약 체결",""
"2013-06-26","","","최대주주인 씨앤케이마이닝이 중국 기업으로부터 5,000만달러의 투자유치 계약을 체결했다는 소식",""
"2013-06-26","","","삼성전자 모바일게임 서비스의 콘텐츠 공급 및 운영사로 선정됐다는 소식",""
"2013-06-26","","","신성솔라에너지가 경영정상화계획 이행을 위한 약정(자율협약)을 체결했다는 소식에 동반 상한가",""
"2013-06-26","","","신성솔라에너지가 경영정상화계획 이행을 위한 약정(자율협약)을 체결했다는 소식에 동반 상한가",""
"2013-06-26","","","경영정상화계획 이행을 위한 약정(자율협약) 체결 소식",""
"2013-06-26","","","박근혜 대통령 방중 기대감에 전력설비 및 남북경협 관련주 상승",""
"2013-06-26","","","박근혜 대통령 방중 기대감에 전력설비 및 남북경협 관련주 상승",""
"2013-06-27","","","최대주주인 씨앤케이마이닝이 중국 기업으로부터 5,000만달러의 투자유치 계약을 체결했다는 소식",""
"2013-06-27","","","제습기 매출 증가에 따른 실적개선 전망",""
"2013-06-27","","","낙폭과대에 따른 저가매수세 유입 및 삼성전자의 강세에 휴대폰부품 관련주 동반 상승",""
"2013-06-27","","","삼성전자와 DMB 앱 공급계약 소식",""
"2013-06-27","","","전자결제(전자화폐) 관련주 동반 상승",""
"2013-06-27","","","다이어트 커피 출시 소식",""
"2013-06-27","","","특허권 침해소송 항소 결정",""
"2013-06-27","","","매각 흥행 기대감",""
"2013-06-27","","","경주 충효동 신원아침도시 아파트 신축공사 수주",""
"2013-06-27","","","화장품 생산/개발/판매 관련주 동반 상승",""
"2013-06-28","","","다이어트 커피 출시 소식",""
"2013-06-28","","","주식분할 결정 및 최대주주 변경을 수반하는 주식양수도 계약 체결",""
"2013-06-28","","","태국 중앙행정법원이 수자원 관리 사업을 본격적으로 추진하기 전에 공청회를 실시하라고 명령했다는 소식에 관련주로 부각되며 상한가",""
"2013-06-28","","","최대주주 변경을 수반하는 주식양수도 계약 체결",""
"2013-06-28","","","야생진드기 바이러스 감염환자 추가 발생 소식에 관련주로 부각되며 상한가",""
"2013-06-28","","","경영권 분쟁 이슈 재점화",""
"2013-07-01","","","경영권 분쟁 이슈 재점화",""
"2013-07-01","","","복제약 “램시마” 유럽 허가 소식",""
"2013-07-01","","","셀트리온 복제약 “램시마” 유럽 허가 소식",""
"2013-07-01","","","셀트리온 복제약 “램시마” 유럽 허가 소식에 동사의 2대주주가 셀트리온이라는 점이 부각되며 상한가",""
"2013-07-01","","","본격적인 장마를 앞두고 일부 제습기 관련주 상승",""
"2013-07-01","","","美 광산 인수 추진 소식",""
"2013-07-01","","","본격적인 장마를 앞두고 일부 제습기 관련주 상승",""
"2013-07-02","","","투자사 스타인웨이 매각 기대감",""
"2013-07-02","","","여대생 청부살인 사건에 대한 적극적인 해명 소식",""
"2013-07-03","","","최대주주측 보유지분 증가 소식",""
"2013-07-03","","","중국 모바일 컨텐츠 시장 진출 기대감",""
"2013-07-04","","","간경변 줄기세포 치료제 효과 입증 소식",""
"2013-07-04","","","북한의 개성공단 방문 허용 소식에 남북경협/전력설비 관련주 상승",""
"2013-07-04","","","북한의 개성공단 방문 허용 소식에 남북경협/전력설비 관련주 상승",""
"2013-07-04","","","북한의 개성공단 방문 허용 소식에 남북경협/전력설비 관련주 상승",""
"2013-07-04","","","북한의 개성공단 방문 허용 소식에 남북경협/전력설비 관련주 상승",""
"2013-07-04","","","북한의 개성공단 방문 허용 소식에 남북경협/전력설비 관련주 상승",""
"2013-07-04","","","북한의 개성공단 방문 허용 소식에 남북경협/전력설비 관련주 상승",""
"2013-07-04","","","매각가격 하향 전망에 따른 M&A 기대감",""
"2013-07-04","","","북한의 개성공단 방문 허용 소식에 남북경협/전력설비 관련주 상승",""
"2013-07-05","","","남북 실무회담 재개 소식에 일부 남북경협 관련주 상승",""
"2013-07-05","","","진드기 바이러스 사망자 추가 발생 소식과 AI 재창궐 전망에 백신/진단시약/방역 관련주 상승",""
"2013-07-05","","","2분기 사상최대 실적 달성 전망",""
"2013-07-05","","","하반기 실적개선 기대감",""
"2013-07-05","","","진드기 바이러스 사망자 추가 발생 소식과 AI 재창궐 전망에 백신/진단시약/방역 관련주 상승",""
"2013-07-08","","","개성공단 재가동 합의 소식에 일부 남북경협 관련주 상승",""
"2013-07-08","","","CEO 신규 선임 주주총회 공고 및 최대주주 알앤엘바이오의 특수관계자(알앤엘내츄럴)가 현 시가보다 높은 가격에 동사 지분을 취득했다는 소식",""
"2013-07-08","","","채권단의 긴급 지원 검토 소식",""
"2013-07-08","","","정부가 3D프린팅산업 육성에 본격 나선다는 소식에 관련주로 언급되며 상한가",""
"2013-07-08","","","권리락 효과",""
"2013-07-08","","","정부의 과학기술 분야에 대한 대규모 투자 계획 소식에 관련주로 언급되며 상한가",""
"2013-07-09","","","CEO 신규 선임 주주총회 공고 및 최대주주 알앤엘바이오의 특수관계자(알앤엘내츄럴)가 현 시가보다 높은 가격에 동사 지분을 취득했다는 소식",""
"2013-07-09","","","삼화콘덴서그룹주 동반 급등",""
"2013-07-09","","","신종조류독감 예방 DNA백신 치료 가능성 확인 소식",""
"2013-07-09","","","삼화콘덴서그룹주 동반 급등",""
"2013-07-09","","","세정/코팅 사업부문 물적 분할 최종 가결 소식",""
"2013-07-10","","","일부 삼화콘덴서그룹주 상승",""
"2013-07-11","","","전력난 비상에 관련주로 부각되며 상한가",""
"2013-07-11","","","국내 최초 슬림형 UTP 케이블 개발 소식",""
"2013-07-11","","","에이즈 DNA백신 임상1상 효과 입증 소식",""
"2013-07-11","","","삼성전자 주가 상승 및 인터플렉스의 어닝서프라이즈 소식에 스마트폰 관련주 상승",""
"2013-07-12","","","국내 최초 슬림형 UTP 케이블 개발 소식",""
"2013-07-12","","","해외 철 스크랩 수입 분야 1위 업체와 전략적 제휴를 체결했다는 소식",""
"2013-07-12","","","SG그룹주 동반 상승",""
"2013-07-12","","","SG그룹주 동반 상승",""
"2013-07-12","","","실적 개선 기대감",""
"2013-07-15","","","국내 최초 슬림형 UTP 케이블 개발 소식",""
"2013-07-15","","","전력저장장치(ESS) 설치 의무화 추진 소식에 전력저장장치(ESS) 관련주 강세",""
"2013-07-15","","","전력저장장치(ESS) 설치 의무화 추진 소식에 삼화콘덴서그룹주 동반 급등",""
"2013-07-15","","","1,000억원 규모 韓/中협력펀드 결성 소식",""
"2013-07-15","","","전기차 시장 확대 기대감에 2차전지 관련주 상승",""
"2013-07-15","","","구조조정 기대감",""
"2013-07-15","","","D-세린 임가공 계약 체결 소식",""
"2013-07-15","","","전기차 시장 확대 기대감에 2차전지 관련주 상승",""
"2013-07-15","","","전력저장장치(ESS) 설치 의무화 추진 소식에 전력저장장치(ESS) 관련주 강세",""
"2013-07-15","","","매각 기대감",""
"2013-07-16","","","구조조정 기대감 및 중국 태양광 수요 확대 기대감에 태양광에너지 관련주 상승",""
"2013-07-16","","","中 온라인 복권사이트와 결제서비스 공급계약 체결 소식",""
"2013-07-16","","","중국 태양광 수요 확대 기대감에 태양광에너지 관련주 상승",""
"2013-07-16","","","교보생명의 우리은행 인수 추진 소식",""
"2013-07-16","","","중국 태양광 수요 확대 기대감에 태양광에너지 관련주 상승",""
"2013-07-16","","","내년부터 백열전구의 생산 및 수입이 전면 중단된다는 소식에 LED 관련주 상승",""
"2013-07-17","","","구조조정 기대감 및 일부 태양광에너지 관련주 상승",""
"2013-07-17","","","일부 스마트폰 관련주 상승",""
"2013-07-17","","","일부 풍력에너지 관련주 상승",""
"2013-07-18","","","구조조정 기대감 및 일부 태양광에너지 관련주 상승",""
"2013-07-18","","","일부 풍력에너지 관련주 상승",""
"2013-07-18","","","일부 태양광에너지 관련주 상승",""
"2013-07-18","","","스판덱스 업황 호전에 따른 실적개선 전망",""
"2013-07-18","","","수도권 토지 규제 완화 소식에 SG그룹주 급등",""
"2013-07-18","","","수도권 토지 규제 완화 소식에 SG그룹주 급등",""
"2013-07-19","","","중국의 차별적 반덤핑 관세 부과에 따른 반사이익 기대감에 태양광에너지 관련주 상승",""
"2013-07-19","","","중국의 차별적 반덤핑 관세 부과에 따른 반사이익 기대감에 태양광에너지 관련주 상승",""
"2013-07-19","","","대규모 아파트 신축공사 수주",""
"2013-07-22","","","주채권은행의 채권행사 유예 소식 및 일부 태양광에너지 관련주 상승",""
"2013-07-22","","","일부 태양광에너지 관련주 상승",""
"2013-07-22","","","“LTE펨토셀” 개발 모멘텀 지속",""
"2013-07-22","","","中 AI 감염자 추가발생 소식 등으로 백신/진단시약/방역(신종플루, AI 등) 관련주 상승",""
"2013-07-22","","","노사 경영 정상화 합의 소식",""
"2013-07-22","","","중국인 관광객들의 국산 유아용품 구매 급증 소식에 출산장려정책 및 엔젤산업 관련주 상승",""
"2013-07-22","","","중국인 관광객들의 국산 유아용품 구매 급증 소식에 출산장려정책 및 엔젤산업 관련주 상승",""
"2013-07-22","","","中 AI 감염자 추가발생 소식 등으로 백신/진단시약/방역(신종플루, AI 등) 관련주 상승",""
"2013-07-23","","","취득세율 인하 결정에 따른 기대감",""
"2013-07-23","","","취득세율 인하 결정에 따른 기대감",""
"2013-07-23","","","박근혜 대통령의 부산항 지원 소식",""
"2013-07-23","","","STX엔진에 대한 채권단 추가 지원 가능성에 STX그룹주 상승",""
"2013-07-23","","","채권단 추가 지원 가능성",""
"2013-07-23","","","취득세율 인하 결정에 따른 기대감",""
"2013-07-24","","","취득세율 인하 결정에 따른 기대감",""
"2013-07-24","","","STX엔진에 대한 채권단 추가 지원 가능성에 STX그룹주 상승",""
"2013-07-24","","","채권단 추가 지원 가능성",""
"2013-07-24","","","취득세율 인하 결정에 따른 기대감",""
"2013-07-24","","","신규 상장 첫날 상한가",""
"2013-07-24","","","소속가수 김현중의 새 앨범이 세계적으로 인기몰이를 하고 있다는 소식",""
"2013-07-25","","","주채권은행의 회생의지 확인에 STX그룹주 상한가",""
"2013-07-25","","","주채권은행의 회생의지 확인에 STX그룹주 상한가",""
"2013-07-25","","","신규 상장 이틀째 상한가",""
"2013-07-25","","","주채권은행의 회생의지 확인에 STX그룹주 상한가",""
"2013-07-25","","","주채권은행의 회생의지 확인에 STX그룹주 상한가",""
"2013-07-25","","","주채권은행의 회생의지 확인에 STX그룹주 상한가",""
"2013-07-25","","","일본 초고농도 방사능 수증기 유출 소식과 관련 시장에서 관련주로 부각",""
"2013-07-25","","","서울시 택시 블랙박스 의무화 소식에 차량용블랙박스 관련주 동반 상승",""
"2013-07-26","","","주채권은행의 지원의사 따른 회생 기대감",""
"2013-07-26","","","주채권은행의 지원의사 따른 회생 기대감",""
"2013-07-26","","","우회상장 요건 충족 소식",""
"2013-07-26","","","상장폐지 사유 해소에 따른 동사 주권의 상장유지 결정소식",""
"2013-07-26","","","태양광에너지 관련주 상승",""
"2013-07-29","","","주채권은행의 지원의사에 따른 회생 기대감",""
"2013-07-29","","","中-EU 태양광 패널 무역분쟁 합의 소식에 일부 태양광에너지 관련주 상승",""
"2013-07-29","","","中-EU 태양광 패널 무역분쟁 합의 소식에 일부 태양광에너지 관련주 상승",""
"2013-07-30","","","STX그룹 회생 기대감에 STX그룹주 동반 상승",""
"2013-07-30","","","중국의 온라인 쇼핑 시장에서 동사의 제품이 인기를 끌고 있다는 소식",""
"2013-07-30","","","부당이득금 반환 청구 소송에 대한 합의 종결",""
"2013-07-30","","","마이크로소프트(MS)에 게임기용 콘덴서 공급 소식",""
"2013-07-30","","","STX그룹 회생 기대감에 STX그룹주 동반 상승",""
"2013-07-31","","","STX그룹 회생 기대감에 STX그룹주 동반 상승",""
"2013-07-31","","","STX그룹 회생 기대감에 STX그룹주 동반 상승",""
"2013-07-31","","","자회사 카엘젬백스가 영국측 기관으로부터 공동연구제안서를 접수했다는 소식",""
"2013-07-31","","","대규모 잉곳 공급계약 체결",""
"2013-07-31","","","고교 무상교육을 내년부터 단계적으로 확대한다는 소식에 관련주로 부각되며 상한가",""
"2013-07-31","","","세계 최초 항체 바이오시밀러 “램시마”의 일본 제품허가 승인을 위한 일본에서의 임상시험 성공 모멘텀 지속",""
"2013-08-01","","","기업 정상화 기대감에 STX그룹주 동반 상한가",""
"2013-08-01","","","기업 정상화 기대감에 STX그룹주 동반 상한가",""
"2013-08-01","","","투자 및 금융업체 주요종속회사 편입 소식",""
"2013-08-01","","","기업 정상화 기대감에 STX그룹주 동반 상한가",""
"2013-08-01","","","기업 정상화 기대감에 STX그룹주 동반 상한가",""
"2013-08-01","","","158억원 규모 설치공사 수주",""
"2013-08-01","","","기업 정상화 기대감에 STX그룹주 동반 상한가",""
"2013-08-01","","","주식병합 후 거래 재개 첫날 상한가",""
"2013-08-02","","","주식병합 후 거래재개 이틀째 상한가",""
"2013-08-02","","","정부의 자동차 튜닝(개조)산업 활성화 대책에 관련주로 부각되며 상한가",""
"2013-08-02","","","신규상장 첫날 상한가",""
"2013-08-02","","","정부의 자동차 튜닝(개조)산업 활성화 대책에 관련주로 부각되며 상한가",""
"2013-08-02","","","철강업황 개선 전망에 일부 중소형철강 관련주 상승",""
"2013-08-02","","","정부의 자동차 튜닝(개조)산업 활성화 대책에 관련주로 부각되며 상한가",""
"2013-08-02","","","실적 호전 기대감",""
"2013-08-02","","","정부의 자동차 튜닝(개조)산업 활성화 대책에 관련주로 부각되며 상한가",""
"2013-08-02","","","정부의 자동차 튜닝(개조)산업 활성화 대책에 관련주로 부각되며 상한가",""
"2013-08-05","","","주식병합 후 거래재개 사흘째 상한가",""
"2013-08-05","","","신규상장 후 이틀째 상한가",""
"2013-08-05","","","네오위즈그룹주 급등",""
"2013-08-05","","","본격적인 무더위에 따른 전력수급 비상 우려에 스마트그리드(지능형전력망) 관련주 상승",""
"2013-08-05","","","국내 신종 슈퍼박테리아 환자 발견 소식에 백신/진단시약/방역(신종플루, AI 등) 관련주 상승",""
"2013-08-06","","","주식병합 후 거래재개 나흘째 상한가",""
"2013-08-06","","","신규상장 후 사흘째 상한가",""
"2013-08-06","","","STX그룹주 동반 급등",""
"2013-08-06","","","바른손게임즈가 페이스북과 모바일게임 퍼블리싱 사업 관련 협상을 진행 중이라는 소식",""
"2013-08-06","","","페이스북과 모바일게임 퍼블리싱 사업 관련 협상 진행 소식",""
"2013-08-06","","","STX그룹주 동반 급등",""
"2013-08-06","","","STX그룹주 동반 급등",""
"2013-08-06","","","STX그룹주 동반 급등",""
"2013-08-07","","","신규상장 후 나흘째 상한가",""
"2013-08-07","","","실적 개선 기대감",""
"2013-08-07","","","정부의 자동차 튜닝(개조)산업 활성화 대책 기대 모멘텀 지속",""
"2013-08-07","","","2분기 실적 호조",""
"2013-08-07","","","와이지엔터테인먼트 대상 50억원 규모 CB 발행 결정",""
"2013-08-07","","","2분기 영업이익 및 순이익 흑자전환",""
"2013-08-08","","","개성공단 정상화 관련 7차 실무회담 개최 합의 소식에 전력설비 관련주 급등",""
"2013-08-08","","","개성공단 정상화 관련 7차 실무회담 개최 합의 소식에 남북경협 관련주 급등",""
"2013-08-08","","","개성공단 정상화 관련 7차 실무회담 개최 합의 소식에 남북경협 관련주 급등",""
"2013-08-08","","","개성공단 정상화 관련 7차 실무회담 개최 합의 소식에 남북경협 관련주 급등",""
"2013-08-08","","","개성공단 정상화 관련 7차 실무회담 개최 합의 소식에 전력설비 관련주 급등",""
"2013-08-08","","","한국철도시설공단과 77.46억원 규모 공급계약 체결 및 개성공단 정상화 관련 7차 실무회담 개최 합의 소식에 전력설비 관련주 급등",""
"2013-08-08","","","개성공단 정상화 관련 7차 실무회담 개최 합의 소식에 남북경협 관련주 급등",""
"2013-08-08","","","개성공단 정상화 관련 7차 실무회담 개최 합의 소식에 전력설비 관련주 급등",""
"2013-08-08","","","개성공단 정상화 관련 7차 실무회담 개최 합의 소식에 남북경협 관련주 급등",""
"2013-08-08","","","개성공단 정상화 관련 7차 실무회담 개최 합의 소식에 남북경협 관련주 급등",""
"2013-08-08","","","개성공단 정상화 관련 7차 실무회담 개최 합의 소식에 전력설비 관련주 급등",""
"2013-08-08","","","개성공단 정상화 관련 7차 실무회담 개최 합의 소식에 남북경협 관련주 급등",""
"2013-08-08","","","개성공단 정상화 관련 7차 실무회담 개최 합의 소식에 남북경협 관련주 급등",""
"2013-08-08","","","개성공단 정상화 관련 7차 실무회담 개최 합의 소식에 전력설비 관련주 급등",""
"2013-08-09","","","개성공단 정상화 기대감에 일부 남북경협 관련주 상승",""
"2013-08-09","","","개성공단 정상화 기대감에 일부 남북경협 관련주 상승",""
"2013-08-09","","","최근 국내 캠핑인구 증가에 따른 캠핑관련 매출 증가 기대감",""
"2013-08-12","","","개성공단 정상화 기대감에 일부 남북경협 관련주 상승",""
"2013-08-12","","","STX그룹주 동반 상승",""
"2013-08-12","","","슈퍼개미 한세희씨와의 경영권 분쟁 이슈",""
"2013-08-12","","","일부 태양광에너지(원료 및 장비) 관련주 상승",""
"2013-08-12","","","STX그룹주 동반 상승",""
"2013-08-12","","","무안일대 개발에 따른 수혜 분석",""
"2013-08-12","","","일부 태양광에너지(원료 및 장비) 관련주 상승",""
"2013-08-13","","","제7차 남북실무회담 긍정적 기류에 남북경협 관련주 상승",""
"2013-08-13","","","경기도가 비무장지대(DMZ)내 “세계평화공원” 건립을 본격 추진한다는 소식에 관련주로 부각되며 상한가",""
"2013-08-13","","","경기도가 비무장지대(DMZ)내 “세계평화공원” 건립을 본격 추진한다는 소식에 관련주로 부각되며 상한가",""
"2013-08-13","","","슈퍼개미 한세희씨와의 경영권 분쟁 이슈",""
"2013-08-13","","","권리락 효과",""
"2013-08-13","","","2분기 영업이익, 순이익 흑자전환",""
"2013-08-13","","","제7차 남북실무회담 긍정적 기류에 남북경협 관련주 상승",""
"2013-08-13","","","경기도가 비무장지대(DMZ)내 “세계평화공원” 건립을 본격 추진한다는 소식에 관련주로 부각되며 상한가",""
"2013-08-14","","","경기도가 비무장지대(DMZ)내 “세계평화공원” 건립을 본격 추진한다는 소식에 관련주로 부각되며 상한가",""
"2013-08-14","","","2분기 사상 최대 매출 달성",""
"2013-08-14","","","2분기 실적 호조",""
"2013-08-14","","","2분기 실적 호조",""
"2013-08-14","","","삼성뮤직 음원 공급 기대감",""
"2013-08-16","","","박근혜 대통령이 비무장지대(DMZ)내에 평화공원을 조성하자고 북측에 제안한다는 소식에 관련주로 언급되는 종목들이 대거 상한가를 기록",""
"2013-08-16","","","삼성뮤직 음원 공급 기대감",""
"2013-08-16","","","박근혜 대통령이 비무장지대(DMZ)내에 평화공원을 조성하자고 북측에 제안한다는 소식에 관련주로 언급되는 종목들이 대거 상한가를 기록",""
"2013-08-16","","","박근혜 대통령이 비무장지대(DMZ)내에 평화공원을 조성하자고 북측에 제안한다는 소식에 관련주로 언급되는 종목들이 대거 상한가를 기록",""
"2013-08-16","","","박근혜 대통령이 비무장지대(DMZ)내에 평화공원을 조성하자고 북측에 제안한다는 소식에 관련주로 언급되는 종목들이 대거 상한가를 기록",""
"2013-08-16","","","남북이 개성공단 정상화에 전격 합의했다는 소식에 남-북-러 가스관사업 관련주 상승",""
"2013-08-16","","","박근혜 대통령이 비무장지대(DMZ)내에 평화공원을 조성하자고 북측에 제안한다는 소식에 관련주로 언급되는 종목들이 대거 상한가를 기록",""
"2013-08-16","","","박근혜 대통령이 비무장지대(DMZ)내에 평화공원을 조성하자고 북측에 제안한다는 소식에 관련주로 언급되는 종목들이 대거 상한가를 기록",""
"2013-08-16","","","출자전환을 통한 정상화 방안 마련 소식",""
"2013-08-16","","","코스피200 신규 편입 소식",""
"2013-08-16","","","박근혜 대통령이 비무장지대(DMZ)내에 평화공원을 조성하자고 북측에 제안한다는 소식에 관련주로 언급되는 종목들이 대거 상한가를 기록",""
"2013-08-16","","","2분기 영업이익 및 순이익 흑자전환",""
"2013-08-16","","","최대주주 보유주식 및 경영권 양수도 계약 체결 소식",""
"2013-08-16","","","박근혜 대통령이 비무장지대(DMZ)내에 평화공원을 조성하자고 북측에 제안한다는 소식에 관련주로 언급되는 종목들이 대거 상한가를 기록",""
"2013-08-16","","","박근혜 대통령이 비무장지대(DMZ)내에 평화공원을 조성하자고 북측에 제안한다는 소식에 관련주로 언급되는 종목들이 대거 상한가를 기록",""
"2013-08-19","","","박근혜 대통령이 비무장지대(DMZ)내에 평화공원을 조성하자고 북측에 제안한다는 소식에 관련주로 언급되는 종목들이 연일 급등",""
"2013-08-19","","","박근혜 대통령이 비무장지대(DMZ)내에 평화공원을 조성하자고 북측에 제안한다는 소식에 관련주로 언급되는 종목들이 연일 급등",""
"2013-08-19","","","박근혜 대통령이 비무장지대(DMZ)내에 평화공원을 조성하자고 북측에 제안한다는 소식에 관련주로 언급되는 종목들이 연일 급등",""
"2013-08-19","","","일부 남-북-러 가스관사업 관련주 상승",""
"2013-08-19","","","박근혜 대통령이 비무장지대(DMZ)내에 평화공원을 조성하자고 북측에 제안한다는 소식에 관련주로 언급되는 종목들이 연일 급등",""
"2013-08-19","","","박근혜 대통령이 비무장지대(DMZ)내에 평화공원을 조성하자고 북측에 제안한다는 소식에 관련주로 언급되는 종목들이 연일 급등",""
"2013-08-19","","","박근혜 대통령이 비무장지대(DMZ)내에 평화공원을 조성하자고 북측에 제안한다는 소식에 관련주로 언급되는 종목들이 연일 급등",""
"2013-08-19","","","박근혜 대통령이 비무장지대(DMZ)내에 평화공원을 조성하자고 북측에 제안한다는 소식에 관련주로 언급되는 종목들이 연일 급등",""
"2013-08-19","","","일부 철도 관련주 상승",""
"2013-08-19","","","3D 프린터 활성화 수혜 분석",""
"2013-08-20","","","3D 프린터 시장 확대 기대감에 관련주로 언급되는 종목들이 대거 상한가를 기록",""
"2013-08-20","","","STX 정상화 기대감에 STX그룹주 급등",""
"2013-08-20","","","STX 정상화 기대감에 STX그룹주 급등",""
"2013-08-20","","","3D 프린터 시장 확대 기대감에 관련주로 언급되는 종목들이 대거 상한가를 기록",""
"2013-08-20","","","3D 프린터 시장 확대 기대감에 관련주로 언급되는 종목들이 대거 상한가를 기록",""
"2013-08-20","","","3D 프린터 시장 확대 기대감에 관련주로 언급되는 종목들이 대거 상한가를 기록",""
"2013-08-20","","","3D 프린터 시장 확대 기대감에 관련주로 언급되는 종목들이 대거 상한가를 기록",""
"2013-08-20","","","3D 프린터 시장 확대 기대감에 관련주로 언급되는 종목들이 대거 상한가를 기록",""
"2013-08-20","","","STX 정상화 기대감에 STX그룹주 급등",""
"2013-08-20","","","STX 정상화 기대감에 STX그룹주 급등",""
"2013-08-21","","","3D 프린터 시장 확대 기대감에 관련주로 언급되며 연일 상한가",""
"2013-08-21","","","3D 프린터 시장 확대 기대감에 관련주로 언급되며 연일 상한가",""
"2013-08-21","","","산업은행의 2,000억원 규모 지원 소식",""
"2013-08-21","","","박근혜 대통령의 친인척으로부터 투자를 받았다는 소식",""
"2013-08-21","","","박근혜 대통령의 러시아 방문 소식에 일부 남-북-러 가스관사업 관련주 상승",""
"2013-08-21","","","바른손게임즈가 박근혜 대통령의 친인척으로부터 투자를 받았다는 소식",""
"2013-08-22","","","3D 프린터 시장 확대 기대감에 관련주로 언급되며 연일 상한가",""
"2013-08-22","","","산업은행의 2,000억원 규모 지원 소식",""
"2013-08-22","","","바이넥스를 통해 러시아 바이오시밀러 시장에 진출한다는 소식",""
"2013-08-22","","","3D프린터 사업 진출 기대감",""
"2013-08-23","","","3D프린터 사업 진출 기대감",""
"2013-08-23","","","대한주택보증 대상 유상증자 소식",""
"2013-08-23","","","3D프린터 관련기술 개발 진행 소식",""
"2013-08-23","","","녹십자HS와 건강기능식품 개발 제휴 소식",""
"2013-08-26","","","안철수 무소속 의원이 정치 활동을 본격화 한다는 소식에 안철수 관련주로 언급되는 종목들이 대거 상한가를 기록",""
"2013-08-26","","","안철수 무소속 의원이 정치 활동을 본격화 한다는 소식에 안철수 관련주로 언급되는 종목들이 대거 상한가를 기록",""
"2013-08-26","","","안철수 무소속 의원이 정치 활동을 본격화 한다는 소식에 안철수 관련주로 언급되는 종목들이 대거 상한가를 기록",""
"2013-08-26","","","안철수 무소속 의원이 정치 활동을 본격화 한다는 소식에 안철수 관련주로 언급되는 종목들이 대거 상한가를 기록",""
"2013-08-26","","","안철수 무소속 의원이 정치 활동을 본격화 한다는 소식에 안철수 관련주로 언급되는 종목들이 대거 상한가를 기록",""
"2013-08-26","","","안철수 무소속 의원이 정치 활동을 본격화 한다는 소식에 안철수 관련주로 언급되는 종목들이 대거 상한가를 기록",""
"2013-08-26","","","안철수 무소속 의원이 정치 활동을 본격화 한다는 소식에 안철수 관련주로 언급되는 종목들이 대거 상한가를 기록",""
"2013-08-26","","","안철수 무소속 의원이 정치 활동을 본격화 한다는 소식에 안철수 관련주로 언급되는 종목들이 대거 상한가를 기록",""
"2013-08-26","","","안철수 무소속 의원이 정치 활동을 본격화 한다는 소식에 안철수 관련주로 언급되는 종목들이 대거 상한가를 기록",""
"2013-08-26","","","채권단 지원 소식",""
"2013-08-26","","","안철수 무소속 의원이 정치 활동을 본격화 한다는 소식에 안철수 관련주로 언급되는 종목들이 대거 상한가를 기록",""
"2013-08-26","","","안철수 무소속 의원이 정치 활동을 본격화 한다는 소식에 안철수 관련주로 언급되는 종목들이 대거 상한가를 기록",""
"2013-08-26","","","설비 증설에 따른 실적개선 전망",""
"2013-08-27","","","3D 프린터 관련주 상승",""
"2013-08-27","","","3D 프린터 관련주 상승",""
"2013-08-28","","","국제유가 급등에 따른 수혜 기대감",""
"2013-08-28","","","美 시리아 공습 임박 소식에 전쟁 및 테러/방위산업 관련주 상승",""
"2013-08-28","","","시리아 사태 우려에 따른 금값 폭등 소식",""
"2013-08-28","","","국제유가 급등에 따른 수혜 기대감",""
"2013-08-28","","","채권은행기관 공동관리 신청 소식",""
"2013-08-28","","","美 시리아 공습 임박 소식에 전쟁 및 테러/방위산업 관련주 상승",""
"2013-08-29","","","국제유가 급등에 따른 수혜 기대감",""
"2013-08-29","","","2분기 실적 호조",""
"2013-08-29","","","계열사 지분 매각 결정",""
"2013-08-29","","","2분기 영업이익 및 순이익 흑자전환",""
"2013-08-30","","","관리종목 지정사유 일부 해제 소식",""
"2013-08-30","","","관리종목 해제",""
"2013-08-30","","","항공우주산업에 필수적인 ""AS 9100"" 인증을 취득했다는 소식",""
"2013-09-02","","","관리종목 지정사유 일부 해제 소식",""
"2013-09-02","","","남북공동위원회 첫 회의 기대감에 남북경협 관련주 상승",""
"2013-09-02","","","최대주주 셀트리온의 바이오시밀러 ""램시마""가 국제학회에서 호평을 받았다는 소식",""
"2013-09-03","","","산업은행의 STX팬오션 인수설에 STX그룹주 동반 상한가",""
"2013-09-03","","","61.60억원 규모 석탄판매 계약 체결",""
"2013-09-03","","","산업은행의 STX팬오션 인수설에 STX그룹주 동반 상한가",""
"2013-09-03","","","삼성전자에 LED부품 납품 소식",""
"2013-09-03","","","관리종목 및 투자주의환기종목 해제",""
"2013-09-03","","","산업은행의 STX팬오션 인수설에 STX그룹주 동반 상한가",""
"2013-09-03","","","산업은행의 STX팬오션 인수설에 STX그룹주 동반 상한가",""
"2013-09-03","","","산업은행의 STX팬오션 인수설에 STX그룹주 동반 상한가",""
"2013-09-03","","","카자흐스탄 광구 매각 추진 모멘텀 지속",""
"2013-09-03","","","투자 유치 검토 소식",""
"2013-09-04","","","관리종목 및 투자주의환기종목 해제",""
"2013-09-04","","","미국 의회가 시리아 군사개입을 승인할 가능성이 높아졌다는 소식에 전쟁 및 테러/방위산업관련주 상승",""
"2013-09-04","","","액면분할 후 거래 첫날 상한가",""
"2013-09-04","","","국제유가 상승에 따른 수혜 기대감",""
"2013-09-04","","","미국 의회가 시리아 군사개입을 승인할 가능성이 높아졌다는 소식에 전쟁 및 테러/방위산업관련주 상승",""
"2013-09-04","","","국제유가 상승에 따른 수혜 기대감",""
"2013-09-05","","","국제유가 상승에 따른 수혜 기대감",""
"2013-09-05","","","고부가가치 융복합 MCP 제품 물량 증가 소식",""
"2013-09-05","","","국제유가 불안이 셰일가스(Shale Gas) 가격에도 긍정적 영향을 미칠 것이란 기대감",""
"2013-09-05","","","상반기 실적 호조 모멘텀 부각",""
"2013-09-06","","","일본 수산물 수입금지에 따른 반사이익 기대감",""
"2013-09-06","","","거래재개 첫날 상한가",""
"2013-09-06","","","정부가 일본은 물론 국내 수산물에 대해서도 방사능 검사를 확대키로 하는 등 방사능 공포가 확산되면서 방사능 관련주 상승",""
"2013-09-06","","","하반기 이익 모멘텀 지속",""
"2013-09-06","","","개성공단 조기가동 기대감에 남북경협 관련주 상승",""
"2013-09-06","","","정부가 일본은 물론 국내 수산물에 대해서도 방사능 검사를 확대키로 하는 등 방사능 공포가 확산되면서 방사능 관련주 상승",""
"2013-09-06","","","액면병합 효과 및 무상증자 추진설",""
"2013-09-09","","","무상증자 검토 소식",""
"2013-09-09","","","1,297.80억원 규모 유상증자 결정",""
"2013-09-10","","","조선 업황 회복 기대감에 조선기자재 관련주 상승",""
"2013-09-10","","","석유정제사업 인허가 취득 소식",""
"2013-09-10","","","조선 업황 회복 기대감에 조선기자재 관련주 상승",""
"2013-09-10","","","경영권 안정화 기대감",""
"2013-09-11","","","전방산업의 업황 개선 기대감에 조선기자재/풍력에너지(부품)주 동반 상승",""
"2013-09-11","","","전방산업의 업황 개선 기대감에 조선기자재/풍력에너지(부품)주 동반 상승",""
"2013-09-11","","","원전비리 의혹 해소에 상한가",""
"2013-09-11","","","북한 나진항과 러시아 하산을 연결하는 철도가 곧 개통될 예정이라는 소식에 철도주 동반 상승",""
"2013-09-11","","","줄기세포 치매 치료제 임상 2a상 승인 소식에 상한가",""
"2013-09-12","","","제4이동통신 사업 추진 소식",""
"2013-09-12","","","한국도로전산 흡수합병 소식",""
"2013-09-12","","","신규상장 첫날 상한가",""
"2013-09-13","","","제4이동통신 사업 추진 소식",""
"2013-09-13","","","정부가 제4이동통신에 대해 LTE를 허용키로 했다는 소식에 LTE(4세대 이동통신)/통신장비 관련주 상승",""
"2013-09-13","","","정부가 제4이동통신에 대해 LTE를 허용키로 했다는 소식에 LTE(4세대 이동통신)/통신장비 관련주 상승",""
"2013-09-13","","","공개매각을 통한 M&A 추진 소식",""
"2013-09-13","","","3D 프린터 관련주 상승",""
"2013-09-13","","","독일 프랑크푸르트 모터쇼에서 유명 메이커들이 잇따라 전기차 신모델을 발표 했다는 소식에 전기차 관련주 상승",""
"2013-09-16","","","공개매각을 통한 M&A 추진 소식",""
"2013-09-16","","","정부가 자동차 튜닝산업을 육성하기 위해 한국자동차튜닝산업협회 설립을 허용했다는 소식에 관련주로 부각되며 상한가",""
"2013-09-16","","","권리락 효과",""
"2013-09-16","","","분할상장 첫날 상한가",""
"2013-09-17","","","공개매각을 통한 M&A 추진 소식",""
"2013-09-17","","","정부가 자동차 튜닝산업을 육성하기 위해 한국자동차튜닝산업협회설립을 허용했다는 소식에 관련주로 부각",""
"2013-09-17","","","권리락 효과",""
"2013-09-17","","","DMZ 세계평화공원 조성사업과 관련된 논의가 국회에서 본격적으로 착수했다는 소식",""
"2013-09-23","","","공개매각을 통한 M&A 추진 소식",""
"2013-09-23","","","정부가 자동차 튜닝산업을 육성하기 위해 한국자동차튜닝산업협회설립을 허용했다는 소식에 관련주로 부각",""
"2013-09-23","","","美 전기차업체 테슬라의 신고가 경신 소식에 전기차 관련주 동반 상승",""
"2013-09-23","","","美 전기차업체 테슬라의 신고가 경신 소식에 전기차 관련주 동반 상승",""
"2013-09-23","","","코로나바이러스 사망자 추가 발생 소식에 백신/진단시약/방역 관련주 상승",""
"2013-09-23","","","실적 턴어라운드 전망",""
"2013-09-23","","","북한의 이산가족 상봉행사 연기에 따른 남북관계 경색 우려로 전쟁 및 테러 관련주 상승",""
"2013-09-24","","","공개매각을 통한 M&A 추진 소식",""
"2013-09-24","","","전기차 시장 확대 기대감에 일부 전기차 관련주 상승",""
"2013-09-24","","","전기차 시장 확대 기대감에 일부 전기차 관련주 상승",""
"2013-09-24","","","일부 언론을 통해 전기차 관련주로 언급",""
"2013-09-24","","","일부 통신장비 관련주 상승",""
"2013-09-25","","","M&A 재추진 소식",""
"2013-09-25","","","열차 자동방호시스템용 케이블 국산화 성공 소식",""
"2013-09-25","","","중국정부가 2017년까지 전기자동차 20만대 이상을 보급할 계획이라는 소식에 2차전지/전기차 관련주 상승",""
"2013-09-25","","","중국정부가 2017년까지 전기자동차 20만대 이상을 보급할 계획이라는 소식에 2차전지/전기차 관련주 상승",""
"2013-09-25","","","중국정부가 2017년까지 전기자동차 20만대 이상을 보급할 계획이라는 소식에 2차전지/전기차 관련주 상승",""
"2013-09-25","","","중국정부가 2017년까지 전기자동차 20만대 이상을 보급할 계획이라는 소식에 2차전지/전기차 관련주 상승",""
"2013-09-26","","","열차 자동방호시스템용 케이블 국산화 성공 소식",""
"2013-09-26","","","50억원 규모 유상증자 결정",""
"2013-09-26","","","경영권 분쟁 재점화 가능성",""
"2013-09-26","","","계열사 한국실리콘의 기업회생절차 조기 종결 소식",""
"2013-09-26","","","투자활성화 대책 수혜 기대",""
"2013-09-27","","","50억원 규모 유상증자 결정",""
"2013-09-27","","","경영권 분쟁 재점화 가능성",""
"2013-09-27","","","유동성 위기 불안감 해소 소식에 동양 그룹주 상승",""
"2013-09-27","","","삼성차이나 반도체와 115.12억원 규모의 반도체장비 공급계약 소식",""
"2013-09-27","","","중국자동차 시장 성장에 따른 수혜 전망",""
"2013-09-27","","","정부 신기술 투자 혜택 확대 발표 소식에 일부 3D 프린터 관련주 상승",""
"2013-09-27","","","DMZ 세계평화공원 조성 사업 예산 편성 소식 및 파주프로젝트에 두바이 국영기업 참여가 가시화 되고 있다는 소식에 관련주로 언급되는 종목들이 급등",""
"2013-09-27","","","DMZ 세계평화공원 조성 사업 예산 편성 소식 및 파주프로젝트에 두바이 국영기업 참여가 가시화 되고 있다는 소식에 관련주로 언급되는 종목들이 급등",""
"2013-09-27","","","DMZ 세계평화공원 조성 사업 예산 편성 소식 및 파주프로젝트에 두바이 국영기업 참여가 가시화 되고 있다는 소식에 관련주로 언급되는 종목들이 급등",""
"2013-09-27","","","DMZ 세계평화공원 조성 사업 예산 편성 소식 및 파주프로젝트에 두바이 국영기업 참여가 가시화 되고 있다는 소식에 관련주로 언급되는 종목들이 급등",""
"2013-09-30","","","50억원 규모 유상증자 결정",""
"2013-09-30","","","DMZ 세계평화공원 조성 사업 예산 편성 소식 및 파주프로젝트에 두바이 국영기업 참여가 가시화 되고 있다는 소식에 관련주로 언급",""
"2013-09-30","","","일부 전기차 관련주 상승",""
"2013-09-30","","","안철수 실행위원 발표에 관련주로 언급되며 상한가",""
"2013-09-30","","","1억달러 규모 수출계약 체결 소식",""
"2013-10-01","","","현지호 부회장의 자사주 매입 소식",""
"2013-10-01","","","자사주 매입 및 4분기 실적 기대감, 레이저 열처리 장비 개발 소식",""
"2013-10-02","","","자사주 매입 및 4분기 실적 기대감, 레이저 열처리 장비 개발 소식",""
"2013-10-02","","","신규상장 첫날 상한가",""
"2013-10-02","","","3D프린터 시제품 출시 기대감",""
"2013-10-02","","","美 LED업체 급등 소식에 일부 LED 관련주 상승",""
"2013-10-04","","","자사주 매입 및 4분기 실적 기대감, 레이저 열처리 장비 개발 소식",""
"2013-10-04","","","경영권 분쟁 재점화 가능성",""
"2013-10-07","","","제4이동통신사업 모멘텀 기대",""
"2013-10-07","","","경영권 분쟁 재점화 가능성",""
"2013-10-07","","","제4이동통신사업 모멘텀 기대",""
"2013-10-07","","","니치이코 투자 유치에 따른 수혜 전망",""
"2013-10-08","","","푸틴 대통령이 한-러 해저가스관 건설 검토/제안 소식에 관련주로 부각",""
"2013-10-08","","","자사주 매입 및 4분기 실적 기대감, 레이저 열처리 장비 개발 모멘텀 지속",""
"2013-10-10","","","계열사가 3D프린터 시장에 진출한다는 소식",""
"2013-10-10","","","신개념 터치스크린 및 고광량 후레쉬 모듈 개발 소식",""
"2013-10-10","","","삼성전자 스마트폰 지문인식 모듈 기술 개발 참여 소식",""
"2013-10-10","","","OLED 산업 성장에 대한 수혜 기대감",""
"2013-10-10","","","美 동부 최대 철도회사와 체시용 타이어 공급계약 체결 소식",""
"2013-10-11","","","계열사가 3D프린터 시장에 진출한다는 소식",""
"2013-10-11","","","파킨슨병 치료제 신약개발 프로젝트가 미래창조과학부 바이오사업 신규과제로 선정됐다는 소식",""
"2013-10-11","","","푸틴 대통령의 한-러 해저가스관 건설 검토/제안 모멘텀 지속",""
"2013-10-14","","","파킨슨병 치료제 신약개발 프로젝트가 미래창조과학부 바이오사업 신규과제로 선정됐다는 소식",""
"2013-10-14","","","대주주 지분 매각 대상 선정 협상이 막바지에 접어들었다는 소식",""
"2013-10-14","","","원전 비중 축소에 따른 반사이익 기대감에 태양광에너지 관련주 상승",""
"2013-10-14","","","내년 4분기까지 수주 증가가 지속될 것이란 전망 및 원전 비중 축소에 따른 반사이익 기대감 등으로 풍력에너지(부품) 관련주 상승",""
"2013-10-14","","","美 테슬라에 전기차 부품을 납품한다는 소식",""
"2013-10-14","","","내년 4분기까지 수주 증가가 지속될 것이란 전망 및 원전 비중 축소에 따른 반사이익 기대감 등으로 풍력에너지(부품) 관련주 상승",""
"2013-10-14","","","신규사업 진출 소식",""
"2013-10-15","","","美 테슬라에 전기차 부품을 납품한다는 소식",""
"2013-10-15","","","3D 산업 관련주 상승",""
"2013-10-15","","","3D 프린터 관련주 상승",""
"2013-10-15","","","3D 프린터 관련주 상승",""
"2013-10-15","","","삼성전자의 스마트폰 무선충전기술 개발 착수 소식에 무선충전기술 관련주 상승",""
"2013-10-15","","","삼성전자의 스마트폰 무선충전기술 개발 착수 소식에 무선충전기술 관련주 상승",""
"2013-10-15","","","3D 산업 관련주 상승",""
"2013-10-15","","","항바이러스(인플루엔자 바이러스) 치료용 물질 특허 취득",""
"2013-10-16","","","美 테슬라에 전기차 부품을 납품한다는 소식",""
"2013-10-16","","","높은 성장성 및 수익성 대비 밸류에이션 디스카운트가 과도하다는 분석",""
"2013-10-16","","","주당 0.5주 무상증자 결정",""
"2013-10-16","","","中 신종조류인플루엔자(AI) 감염자 발생 소식에 백신/진단시약/방역(신종플루, AI 등) 관련주 상승",""
"2013-10-16","","","사업역량 강화 및 기반조성을 위한 유형자산 취득 소식",""
"2013-10-17","","","우리들생명과학의 휴브레인 지분 인수 소식",""
"2013-10-17","","","휴브레인 지분 인수 소식",""
"2013-10-17","","","투자 메리트 긍정적 분석",""
"2013-10-18","","","우리들생명과학의 휴브레인 지분 인수 소식",""
"2013-10-18","","","휴브레인 지분 인수 소식",""
"2013-10-18","","","신규상장 첫날 상한가",""
"2013-10-18","","","가수 싸이가 다음달 신곡을 발표한다는 소식에 관련주로 부각되며 상한가",""
"2013-10-18","","","가수 싸이가 다음달 신곡을 발표한다는 소식에 관련주로 부각되며 상한가",""
"2013-10-18","","","모바일게임(스마트폰) 관련주 상승",""
"2013-10-18","","","삼성SDI의 중국 전기차용 배터리 시장 진출 계획에 따른 수혜 기대감",""
"2013-10-21","","","휴브레인 지분 인수 소식",""
"2013-10-21","","","가수 싸이가 다음달 신곡을 발표한다는 소식",""
"2013-10-21","","","가수 싸이가 다음달 신곡을 발표한다는 소식",""
"2013-10-21","","","최대주주 변경 소식",""
"2013-10-22","","","채권단의 6,700억원 규모 출자전환 예정 소식",""
"2013-10-22","","","대한전선 채권단의 6,700억원 규모 출자전환 예정 소식에 대한전선의 최대주주인 동사의 주가가 상한가를 기록",""
"2013-10-22","","","현 대표이사 피소설 관련 고소인 고소 취하 소식",""
"2013-10-22","","","3D 프린터 시장 확대에 따른 수혜 기대감",""
"2013-10-22","","","수주 증가 기대감",""
"2013-10-23","","","현 대표이사 피소설 관련 고소인 고소 취하 소식",""
"2013-10-23","","","자회사 케이엠씨로보틱스가 교육용 3D프린터 개발을 완료했다는 소식",""
"2013-10-24","","","HP의 3D 프린터 시장 진출 소식에 국내 협력 업체들이 동반 급등",""
"2013-10-24","","","3D 프린터 핵심 모터 생산 소식",""
"2013-10-24","","","HP의 3D 프린터 시장 진출 소식에 국내 협력 업체들이 동반 급등",""
"2013-10-25","","","HP의 3D 프린터 시장 진출 소식",""
"2013-10-25","","","HP의 3D 프린터 시장 진출 소식",""
"2013-10-25","","","HP의 3D 프린터 시장 진출 소식",""
"2013-10-25","","","슈퍼개미 지분 투자 소식",""
"2013-10-25","","","음원 가격 상승 기대감에 음원/음반 관련주 상승",""
"2013-10-28","","","HP의 3D 프린터 시장 진출 소식",""
"2013-10-28","","","M&A 기대감",""
"2013-10-29","","","온수매트 판매 호조 소식",""
"2013-10-30","","","반도체 설비 제조업체 인수",""
"2013-10-30","","","신규상장 첫날 상한가",""
"2013-10-31","","","반도체 설비 제조업체 인수",""
"2013-10-31","","","결핵치료제 중간체 개발 성공 소식",""
"2013-11-01","","","채권단 관리절차 개시 및 자금 지원 소식",""
"2013-11-01","","","협력사 경영참여 소식",""
"2013-11-01","","","최대주주 대상 유상증자 결정",""
"2013-11-01","","","국책과제 협약 체결 소식",""
"2013-11-01","","","휴대폰부품 관련주 상승",""
"2013-11-04","","","협력사 경영참여 소식",""
"2013-11-04","","","푸틴 러시아 대통령 방한에 따른 기대감에 철도 관련주 상승",""
"2013-11-04","","","푸틴 러시아 대통령 방한에 따른 기대감에 철도 관련주 상승",""
"2013-11-04","","","푸틴 러시아 대통령 방한에 따른 기대감에 철도 관련주 상승",""
"2013-11-05","","","조기 경영정상화 의지 표명에 STX그룹주 동반 상한가",""
"2013-11-05","","","STX의 조기 경영정상화 의지 표명에 STX그룹주 동반 상한가",""
"2013-11-05","","","STX의 조기 경영정상화 의지 표명에 STX그룹주 동반 상한가",""
"2013-11-05","","","STX의 조기 경영정상화 의지 표명에 STX그룹주 동반 상한가",""
"2013-11-05","","","효성의 고분자 신소재 폴리케톤 개발 소식에 효성그룹주 상승",""
"2013-11-06","","","조기 경영정상화 의지 표명에 STX그룹주 급등",""
"2013-11-06","","","STX의 조기 경영정상화 의지 표명에 STX그룹주 급등",""
"2013-11-06","","","STX의 조기 경영정상화 의지 표명에 STX그룹주 급등",""
"2013-11-06","","","속붕해형필름제 제조 방법 관련 특허권 취득",""
"2013-11-06","","","분할 후 재상장 첫날 상한가",""
"2013-11-06","","","박삼구 회장 경영 복귀 소식 및 3분기 실적 호조",""
"2013-11-07","","","조기 경영정상화 의지 표명",""
"2013-11-07","","","STX의 조기 경영정상화 의지 표명에 연일 급등",""
"2013-11-07","","","유라시아 고속철도 사업 기대감에 일부 철도 관련주 상승",""
"2013-11-07","","","유라시아 고속철도 사업 기대감에 일부 철도 관련주 상승",""
"2013-11-07","","","대주주의 난치성 피부질환 치료제 원천기술 특허 확보 소식",""
"2013-11-08","","","조기 경영정상화 의지 표명",""
"2013-11-08","","","유라시아 고속철도 사업 기대감",""
"2013-11-11","","","카타르의 알다파그룹이 동사 인수전에 참여했다는 소식",""
"2013-11-11","","","최대주주 변경을 수반하는 주식양수도 계약 체결",""
"2013-11-11","","","재무구조 개선 기대감",""
"2013-11-12","","","카타르의 알다파그룹이 동사 인수전에 참여했다는 소식",""
"2013-11-12","","","최대주주 변경을 수반하는 주식양수도 계약 체결",""
"2013-11-12","","","태양광에너지(원료 및 장비) 관련주 상승",""
"2013-11-12","","","3분기 영업이익 흑자전환",""
"2013-11-12","","","푸틴 러시아 대통령 방문을 앞두고 철도 관련주 상승",""
"2013-11-13","","","카타르의 알다파그룹이 동사 인수전에 참여했다는 소식",""
"2013-11-13","","","매각 기대감",""
"2013-11-13","","","회생기대감에 동양그룹주 동반 상한가",""
"2013-11-13","","","회생기대감에 동양그룹주 동반 상한가",""
"2013-11-13","","","회생기대감에 동양그룹주 동반 상한가",""
"2013-11-13","","","재무구조 개선 기대감",""
"2013-11-13","","","스마트컨슈머 사이트에서 동사의 차량용 블랙박스가 우수제품으로 선정됐다는 소식",""
"2013-11-13","","","회생기대감에 동양그룹주 동반 상한가",""
"2013-11-14","","","카타르의 알다파그룹이 동사 인수전에 참여했다는 소식",""
"2013-11-14","","","회생 기대감에 일부 동양그룹주 급등",""
"2013-11-14","","","회생 기대감에 일부 동양그룹주 급등",""
"2013-11-14","","","3분기 사상 최대 실적 달성",""
"2013-11-14","","","대주주 컨벡스의 정밀제어사업 인수 결정",""
"2013-11-14","","","삼성전자의 3D프린터 사업 진출 검토 소식에 3D 프린터 관련주 급등",""
"2013-11-14","","","3분기 영업이익 및 순이익 흑자전환 소식",""
"2013-11-15","","","3분기 사상 최대 실적 달성",""
"2013-11-15","","","최대주주 변경을 수반하는 주식양수도 계약 체결",""
"2013-11-15","","","최대주주 횡령혐의 무혐의 결론",""
"2013-11-15","","","최대주주 변경을 수반하는 주식양수도 계약 체결 및 유상증자 철회",""
"2013-11-15","","","7,000억원 규모의 출자전환 예정 소식",""
"2013-11-18","","","동부그룹 3조원 규모의 자구계획 발표 소식에 동부그룹주 급등",""
"2013-11-18","","","안철수 무소속 의원이 신당 창당을 공식 선언할 것이란 기대감에 관련주로 언급되며 상한가",""
"2013-11-18","","","동부그룹 3조원 규모의 자구계획 발표 소식에 동부그룹주 급등",""
"2013-11-18","","","동부그룹 3조원 규모의 자구계획 발표 소식에 동부그룹주 급등",""
"2013-11-18","","","동부그룹 3조원 규모의 자구계획 발표 소식에 동부그룹주 급등",""
"2013-11-18","","","안철수 무소속 의원이 신당 창당을 공식 선언할 것이란 기대감에 관련주로 언급되며 상한가",""
"2013-11-19","","","동부그룹 3조원 규모의 자구계획 발표 소식",""
"2013-11-19","","","자회사 실적 개선 소식",""
"2013-11-20","","","50억원 규모의 유상증자 철회 소식",""
"2013-11-20","","","신규상장 이틀째 급등",""
"2013-11-21","","","인수합병(M&A) 기대감 지속",""
"2013-11-21","","","3D 편광안경 LG전자 납품 확정 소식",""
"2013-11-22","","","인수합병(M&A) 기대감 지속",""
"2013-11-25","","","M&A 관련 양해각서 체결 소식",""
"2013-11-25","","","이란 핵협상 타결에 따른 수혜 전망에 건설주 상승",""
"2013-11-25","","","기업은행 대상 유상증자 결정",""
"2013-11-25","","","의류디자인업체 인수 소식",""
"2013-11-25","","","현오석 부총리가 유니버셜 스튜디오 테마파크 조성 사업을 차질없이 추진키로 했다는 소식에 관련주로 부각",""
"2013-11-25","","","이란 핵협상 타결에 따른 수혜 전망에 건설주 상승",""
"2013-11-26","","","M&A 관련 양해각서 체결 모멘텀 지속",""
"2013-11-26","","","대규모 유상증자 결정",""
"2013-11-26","","","정부의 핵심소재 산업 육성기업 선정 소식",""
"2013-11-26","","","디지탈 프로젝터 신제품 2종 출시 소식",""
"2013-11-26","","","3분기 실적 호조",""
"2013-11-26","","","3분기 실적 호조",""
"2013-11-26","","","신규상장 첫날 상한가",""
"2013-11-27","","","3분기 실적 호조",""
"2013-11-27","","","경영정상화 기대감에 STX그룹주 동반 급등",""
"2013-11-27","","","비트코인 확산에 따른 수혜 기대감에 관련주 급등",""
"2013-11-27","","","카메룬 다이아몬드 원석 공개 소식",""
"2013-11-27","","","비트코인 확산에 따른 수혜 기대감에 관련주 급등",""
"2013-11-27","","","""모바일 네이트온 3.0"" 출시 소식",""
"2013-11-28","","","비트코인 확산에 따른 수혜 기대감",""
"2013-11-29","","","3분기 실적 개선",""
"2013-11-29","","","1,400억원 규모의 유형자산 처분 결정에 따른 재무구조 개선 기대감",""
"2013-12-02","","","사옥 매각에 따른 유동성 확보 기대감",""
"2013-12-02","","","문재인 민주당 의원의 차기 대선 재출마 시사 소식에 관련주 급등",""
"2013-12-02","","","삼환기업의 사옥 매각 소식",""
"2013-12-02","","","문재인 민주당 의원의 차기 대선 재출마 시사 소식에 관련주 급등",""
"2013-12-02","","","중국 최대 부동산개발회사인 녹지그룹과의 호텔 및 휴양 콘도미니엄 공동개발 모멘텀 지속",""
"2013-12-02","","","콘텐츠 사업부 분할 소식",""
"2013-12-02","","","문재인 민주당 의원의 차기 대선 재출마 시사 소식에 관련주 급등",""
"2013-12-03","","","중국 최대 부동산개발회사인 녹지그룹과의 호텔 및 휴양 콘도미니엄 공동개발 모멘텀 지속",""
"2013-12-03","","","비트코인 결제 가능 국내 첫 가맹점 등장 소식에 관련주로 언급되며 상한가",""
"2013-12-03","","","비트코인 결제 가능 국내 첫 가맹점 등장 소식에 관련주로 언급되며 상한가",""
"2013-12-03","","","비트코인 결제 가능 국내 첫 가맹점 등장 소식에 관련주로 언급되며 상한가",""
"2013-12-03","","","비트코인 결제 가능 국내 첫 가맹점 등장 소식에 관련주로 언급되며 상한가",""
"2013-12-03","","","미국 법인 실적 호조 및 젬알토의 동사 인수 소식",""
"2013-12-03","","","비트코인 결제 가능 국내 첫 가맹점 등장 소식에 관련주로 언급되며 상한가",""
"2013-12-03","","","비트코인 결제 가능 국내 첫 가맹점 등장 소식에 관련주로 언급되며 상한가",""
"2013-12-03","","","비트코인 결제 가능 국내 첫 가맹점 등장 소식에 관련주로 언급되며 상한가",""
"2013-12-03","","","2014년 폭발적인 이익 성장 기대감",""
"2013-12-04","","","2014년 폭발적인 이익 성장 기대감",""
"2013-12-04","","","비트코인 관련주로 언급되며 연일 상승",""
"2013-12-05","","","메탈메쉬 터치센서 개발 성공 소식",""
"2013-12-05","","","비트코인 사업 진출 검토 소식",""
"2013-12-06","","","비트코인 거래소와 운영대행 계약 체결 소식",""
"2013-12-06","","","후드렌탈 서비스 성장 기대감",""
"2013-12-06","","","재무구조 개선 기대감 지속",""
"2013-12-09","","","4,000억원 규모 자본확충 계획 확정",""
"2013-12-09","","","자가면역질환 치료 관련 美 특허 취득",""
"2013-12-09","","","홍콩과 중국에서 조류독감(AI) 환자 추가 발생 소식에 백신/진단시약/방역(신종플루, AI 등) 관련주 상승",""
"2013-12-09","","","80억원 규모 유형자산 처분 결정",""
"2013-12-09","","","中 화웨이 우려에 따른 반사이익 모멘텀 지속",""
"2013-12-09","","","무상증자 결정",""
"2013-12-10","","","M&A 투자계약(본계약) 체결",""
"2013-12-10","","","4,000억원 규모 자본확충 계획 확정",""
"2013-12-10","","","무상증자 결정",""
"2013-12-10","","","최대주주 및 채권단 대상 유상증자 결정",""
"2013-12-10","","","1,029.98억원 규모 외주공급계약 체결",""
"2013-12-10","","","저평가 모멘텀 지속",""
"2013-12-11","","","무상증자 결정",""
"2013-12-11","","","최대주주 및 채권단 대상 유상증자 결정",""
"2013-12-11","","","최대주주 지분매각 추진설",""
"2013-12-11","","","재무구조 개선 기대감",""
"2013-12-12","","","태양광에너지 관련주 상승 및 경영정상화 계획 이행 약정 체결 소식",""
"2013-12-12","","","美 대형 부동산 개발업체 UWI사가 “파주프로젝트”에 참여한다는 소식에 관련주로 부각되며 상한가",""
"2013-12-12","","","정부의 친환경차 보급 계획 발표로 전기차 관련주 상승",""
"2013-12-12","","","9.99억원 규모 제3자배정 유상증자 결정",""
"2013-12-12","","","태양광에너지 관련주 상승 및 내년도 실적 성장 전망",""
"2013-12-12","","","자회사를 통한 중국 시장 진출 모멘텀 지속",""
"2013-12-13","","","연내 M&A 재추진 소식",""
"2013-12-13","","","개성공단 남북공동위원회 제4차 회의 개최 소식에 일부 남북경협주 상승",""
"2013-12-13","","","자회사인 ㈜아미노룩스 매각 결정",""
"2013-12-13","","","다기능성 신소재 양산 착수 소식",""
"2013-12-16","","","STX조선해양 채권단의 조기지원 검토 소식에 STX그룹주 급등",""
"2013-12-16","","","광주은행 공동인수를 추진하고 있다는 소식",""
"2013-12-16","","","매각 기대감",""
"2013-12-16","","","8세대급 디지털 노광장비 핵심기술 개발 소식",""
"2013-12-17","","","매각 기대감",""
"2013-12-17","","","8세대급 디지털 노광장비 핵심기술 개발 소식",""
"2013-12-17","","","""주가 급락 사유없다""는 소식",""
"2013-12-17","","","화장료 조성물 관련 특허권 취득",""
"2013-12-17","","","존속가치가 청산가치 보다 크다는 소식",""
"2013-12-18","","","8세대급 디지털 노광장비 핵심기술 개발 소식",""
"2013-12-18","","","매각 기대감",""
"2013-12-18","","","2차전지 관련주 상승",""
"2013-12-18","","","우리금융지주 핵심 자회사로의 부상 기대",""
"2013-12-19","","","채권단 출자전환 소식",""
"2013-12-19","","","정몽준 새누리당 의원의 서울시장 출마 암시 발언에 관련주로 언급되며 상한가",""
"2013-12-19","","","삼성디스플레이의 AMOLED 증설 수혜 기대감",""
"2013-12-19","","","백색 LED 특허 라이선스 기술도입 계약 체결 소식",""
"2013-12-20","","","견조한 수요 전망에 태양광에너지 관련주 상승",""
"2013-12-20","","","주가급락 사유 없다는 소식",""
"2013-12-23","","","유상증자 결정에 따른 재무구조 개선 기대감",""
"2013-12-23","","","고강도 자구책 마련 소식에 현대그룹주 급등",""
"2013-12-23","","","고강도 자구책 마련 소식에 현대그룹주 급등",""
"2013-12-23","","","채권단 출자전환 소식 모멘텀 지속",""
"2013-12-23","","","정몽준 새누리당 의원의 서울시장 출마 암시 발언에 관련주로 언급되며 연일 급등",""
"2013-12-23","","","자회사가 공통투자사로 참여한 영화 변호인 흥행 소식",""
"2013-12-23","","","무상증자 권리락",""
"2013-12-24","","","제3자배정증자 방식 유상증자 결정 및 최대주주 변경 소식",""
"2013-12-24","","","무상증자 권리락 효과 지속",""
"2013-12-24","","","대규모 공급계약 체결",""
"2013-12-24","","","전기차용 2차전지 이온성 액체 개발 완료 소식",""
"2013-12-26","","","현대차그룹으로의 피인수 기대감",""
"2013-12-26","","","대규모 공사 수주",""
"2013-12-26","","","올해 사상 최대 이익 창출 기대감",""
"2013-12-26","","","동부하이텍 매각을 통한 재무구조 개선 기대감",""
"2013-12-26","","","고효율 LED 패키지 개발 소식",""
"2013-12-27","","","현대차그룹으로의 피인수 기대감",""
"2013-12-27","","","EnC 상표권 양도에 따른 재무구조 개선 기대감",""
"2013-12-27","","","유상증자에 따른 재무구조 개선 기대 모멘텀 지속",""
"2013-12-27","","","상장 첫날 상한가",""
"2013-12-27","","","재무구조 개선 기대감",""
"2013-12-27","","","한진해운의 재무구조 개선 기대감",""
"2013-12-30","","","EnC 상표권 양도에 따른 재무구조 개선 기대감",""
"2013-12-30","","","백열전구 퇴출 소식에 LED 관련주 동반 상승",""
"2013-12-30","","","백열전구 퇴출 소식에 LED 관련주 동반 상승",""
"2013-12-30","","","백열전구 퇴출 소식에 LED 관련주 동반 상승",""
"2013-12-30","","","경영정상화 기대감",""
